Absolute Branch Coverage,,,,,,,,,,,,,,,,,,,,,,,,,,,,
,,,LPF,,,,,,,,,,,,,,LPF-STAGED,,,,,,,,,,,
API,MAX,,300,600,900,1200,1500,1800,2100,2400,2700,3000,3300,3600,,,300,600,900,1200,1500,1800,2100,2400,2700,3000,3300,3600
adaptive_avg_pool1d,1532.4,,1530.8,1531.4,1531.4,1531.8,1532,1532,1532.2,1532.4,1532.4,1532.4,1532.4,1532.4,,,1305.4,1433.2,1463.8,1464.8,1466.2,1469.4,1469.8,1469.8,1470,1470,1476.8,1476.8
adaptive_avg_pool2d,1307.2,,1306.2,1306.4,1306.4,1306.4,1306.4,1306.4,1306.4,1306.6,1306.6,1307,1307,1307.2,,,572,651.6,704.6,742.2,783.8,844.6,961.8,983.8,1052.8,1095.4,1161.8,1176.4
adaptive_avg_pool3d,1637.4,,1633.8,1637.2,1637.2,1637.2,1637.2,1637.2,1637.2,1637.2,1637.2,1637.2,1637.2,1637.4,,,339.2,468.2,674.4,720,940.4,1013.4,1027.4,1067.8,1080.6,1131.4,1167.4,1181.6
adaptive_max_pool1d,352,,352,352,352,352,352,352,352,352,352,352,352,352,,,219.8,277.6,310.8,312.2,334,339,343.6,343.6,343.6,344.2,344.2,344.2
adaptive_max_pool2d,170,,170,170,170,170,170,170,170,170,170,170,170,170,,,75.2,76.8,77,130,146.8,146.8,148.2,148.6,149,149,149,167.8
adaptive_max_pool3d,368.2,,368.2,368.2,368.2,368.2,368.2,368.2,368.2,368.2,368.2,368.2,368.2,368.2,,,124.4,147.8,197.2,201.4,203.8,205.8,206,219.8,239,265.8,266,282.8
alpha_dropout,862.6,,861.6,862.6,862.6,862.6,862.6,862.6,862.6,862.6,862.6,862.6,862.6,862.6,,,683.8,691.8,695.8,700,710,728.6,730.6,735.8,735.8,735.8,735.8,736.4
avg_pool1d,944.8,,944.2,944.8,944.8,944.8,944.8,944.8,944.8,944.8,944.8,944.8,944.8,944.8,,,308.4,320,320,320,320,320,320,320,381.6,382.2,382.2,382.2
avg_pool2d,682.6,,649.4,660.2,662.4,664.6,668,669.6,680.8,681,681,681,682.6,682.6,,,191.8,191.8,192,192,192,192,192,234.8,234.8,234.8,234.8,234.8
avg_pool3d,711.2,,615.4,663.8,676,682.2,688.8,689.6,692.2,692.4,692.4,692.6,697.4,711.2,,,45,45,88.6,111.2,163,188.2,197.8,199.2,213.8,213.8,228.8,229
batch_norm,605.8,,544.8,562.4,589,594.2,599.2,602.4,603.6,605.4,605.4,605.4,605.6,605.8,,,418.4,418.8,431.6,447.4,464.8,480.8,499.8,521,529.8,553.8,569.6,574.8
bilinear,2144,,2028,2077.6,2108.2,2131.2,2138.6,2140.4,2141.4,2142.8,2143.8,2144,2144,2144,,,1658.6,1736.4,1763,1789,1802.2,1825.8,1844.4,1851,1858.2,1858.8,1865.2,1866.6
binary_cross_entropy,771.6,,512.6,514.2,514.2,615,615,615,615,771.4,771.4,771.4,771.4,771.6,,,237.8,238,238.8,238.8,238.8,259.2,294.4,294.6,335,349.2,349.2,349.4
binary_cross_entropy_with_logits,1341.2,,1333,1337.8,1338.8,1338.8,1338.8,1341.2,1341.2,1341.2,1341.2,1341.2,1341.2,1341.2,,,740.8,805,916.8,941.6,949,992.6,1007.4,1020.8,1026.8,1036,1037.4,1037.4
celu,199,,199,199,199,199,199,199,199,199,199,199,199,199,,,128.6,135,150,150,150,150,150,150,157.8,161.6,161.6,161.6
conv1d,4114.6,,3294,3755.4,3971.4,4016,4042.2,4062.2,4068,4093,4097,4099.4,4112.2,4114.6,,,1821,2107.6,2283.8,2379.8,2421.4,2448,2461.6,2470,2474.4,2486.8,2509.6,2514.2
conv2d,4144.4,,3265.8,3719.8,3901.6,3993.4,4048.6,4070.6,4089.6,4096.2,4105.4,4123.4,4135,4144.4,,,1370,1710.8,1902,1989,2033.2,2042.8,2081.6,2166,2180.8,2184,2215,2274.2
conv3d,4578.6,,2992.6,3441.2,3773.6,3979.8,4145,4255.8,4321,4416.8,4465.4,4501,4558.6,4578.6,,,896.6,1412.6,1722.4,1796.4,1855.8,1980.4,2131.8,2249.2,2286.6,2364.4,2414.8,2444.4
conv_transpose1d,2290,,2022.4,2115.6,2191,2226.2,2231.8,2236.8,2262.6,2285.8,2289.4,2289.4,2289.4,2290,,,1030.6,1172.8,1404.8,1448.6,1576,1592.4,1627.2,1649.6,1656.2,1692,1749.2,1753.8
conv_transpose2d,2365,,1942.8,2157.6,2201.2,2230.6,2295.4,2318.6,2326.2,2329.2,2330.4,2330.8,2331.4,2365,,,760,869.8,1005.6,1145,1179.6,1210.6,1220.8,1221,1222.4,1237,1237,1302.6
cosine_similarity,1221.2,,1220.2,1220.2,1220.6,1220.8,1221,1221,1221,1221.2,1221.2,1221.2,1221.2,1221.2,,,1027.6,1037,1041.8,1054,1054,1057.4,1060.4,1060.6,1060.6,1063.4,1063.4,1063.4
cross_entropy,2086.8,,1749,1813.2,1907.6,1935.6,1956.6,1983.8,1990.2,1996.2,2024.8,2045.2,2080.8,2086.8,,,245.2,339.8,388.4,425,431.2,458,471.8,516.2,527.6,560.2,563.6,566.2
ctc_loss,738.4,,735,735.6,736.6,737.4,737.8,738.2,738.4,738.4,738.4,738.4,738.4,738.4,,,426.6,428.6,433,435.4,439.6,441.8,442.4,444.6,447.8,449.6,461.2,480
dropout,788.2,,786.4,786.8,788,788.2,788.2,788.2,788.2,788.2,788.2,788.2,788.2,788.2,,,599,637.6,645.4,654.6,657.8,662.6,663.2,664,664,664,664.6,665.6
dropout2d,1028.8,,1027.2,1027.8,1028.4,1028.8,1028.8,1028.8,1028.8,1028.8,1028.8,1028.8,1028.8,1028.8,,,716.2,760,782,803,809.4,830,852,858,859.4,859.4,864,882.2
dropout3d,1028.8,,1026.8,1027.8,1028.2,1028.4,1028.8,1028.8,1028.8,1028.8,1028.8,1028.8,1028.8,1028.8,,,727.6,753.4,762.4,766.8,772.4,774.2,780.6,780.8,794.6,816.4,824.8,825.6
elu,181,,181,181,181,181,181,181,181,181,181,181,181,181,,,118.2,120.8,132,149.6,149.6,149.6,149.6,149.6,149.6,163.4,163.4,163.4
embedding,796,,760.8,772.8,777.6,783.2,783.2,784.6,784.6,784.6,790,796,796,796,,,537,547.4,549.2,559.8,564,570,584,585.6,585.6,595.2,595.4,595.6
embedding_bag,1728.8,,757.4,861.4,1254.8,1439.4,1573.6,1630.6,1663.6,1696.8,1713.2,1719,1726.2,1728.8,,,447.4,496.6,609.6,637.8,650.2,654.4,656.2,657.2,658,682,682,683
feature_alpha_dropout,827.4,,826,826.8,827,827,827.4,827.4,827.4,827.4,827.4,827.4,827.4,827.4,,,670.8,679.2,679.4,679.4,683.2,683.2,689,698.8,705,705,709.2,714.2
gelu,340,,340,340,340,340,340,340,340,340,340,340,340,340,,,29.8,29.8,35.6,35.6,35.6,35.6,40.2,45.6,45.6,45.6,45.6,45.6
gumbel_softmax,1136.8,,1136.8,1136.8,1136.8,1136.8,1136.8,1136.8,1136.8,1136.8,1136.8,1136.8,1136.8,1136.8,,,945,950.2,1014.4,1045.2,1052.4,1088.4,1088.8,1088.8,1113.2,1113.2,1114,1114
hardshrink,181,,181,181,181,181,181,181,181,181,181,181,181,181,,,107,107,107,145.4,145.4,145.4,145.4,148.2,166,181,181,181
hardtanh,873.4,,873.2,873.4,873.4,873.4,873.4,873.4,873.4,873.4,873.4,873.4,873.4,873.4,,,479.2,484,484.2,521.8,561.8,562,567.8,567.8,567.8,569.4,570.8,575.2
hinge_embedding_loss,1548.6,,1546.4,1547,1547.4,1547.8,1548,1548,1548.2,1548.2,1548.4,1548.6,1548.6,1548.6,,,1154.6,1241.4,1260,1291.4,1303.4,1329.4,1333.4,1347.8,1359.2,1365,1365.6,1372.4
huber_loss,1038.2,,1032.8,1035,1035.8,1036.2,1036.2,1036.2,1036.2,1036.2,1036.2,1037.2,1037.2,1038.2,,,706,839.6,903.4,938,942.8,962.6,963.6,969.6,973.8,978.2,982.2,986.6
instance_norm,1420.2,,1255.8,1285.8,1307.2,1312.8,1315.6,1317.8,1320.6,1322.4,1322.4,1323.4,1419,1420.2,,,877.6,892,903.6,911.8,914,915.2,929.4,931.6,931.8,931.8,931.8,942.6
interpolate,3529,,2200.8,2627,2920.6,3065,3191.8,3275.4,3314.8,3348.6,3416.4,3454.6,3491.6,3529,,,493.4,604,680.4,743.6,781,793.2,821.4,877.2,883.6,883.8,885,885
kl_div,990.6,,990.2,990.4,990.4,990.4,990.4,990.6,990.6,990.6,990.6,990.6,990.6,990.6,,,680.2,681.2,681.2,681.2,682.4,682.4,682.4,682.4,682.4,682.4,682.4,682.4
l1_loss,1405.6,,1403.6,1405,1405.2,1405.4,1405.4,1405.6,1405.6,1405.6,1405.6,1405.6,1405.6,1405.6,,,1132,1204,1239.4,1278,1295.2,1299.4,1322,1324.4,1324.8,1334.6,1344.6,1346.8
layer_norm,1120.8,,301.6,533.4,772.6,923.8,1023.6,1106.2,1118.4,1120.6,1120.8,1120.8,1120.8,1120.8,,,220,256.6,256.6,257,258.8,289,317.8,352,386.6,390.8,429.4,445.8
leaky_relu,337,,336.6,337,337,337,337,337,337,337,337,337,337,337,,,126.4,135.2,148.2,190,216.4,216.4,216.4,216.4,249.2,255.4,258,258
linear,2812.6,,2649.2,2728.2,2749.8,2764.2,2776.2,2783.2,2789,2795.2,2798,2803.6,2805.4,2812.6,,,1869.2,1977.8,2126.6,2159.6,2204.6,2226,2240.4,2242.8,2264.6,2277.6,2304.2,2305.6
local_response_norm,1616,,1615.4,1615.4,1615.6,1615.6,1615.6,1615.6,1615.6,1615.8,1616,1616,1616,1616,,,1298.8,1299.8,1327.2,1327.4,1330.4,1344.8,1358.6,1375,1385.2,1399.6,1399.6,1418.2
log_softmax,747,,745.8,746.6,747,747,747,747,747,747,747,747,747,747,,,478.6,525,527.8,528.4,529.6,543,548.2,548.8,551.6,552,554.2,554.2
logsigmoid,156,,156,156,156,156,156,156,156,156,156,156,156,156,,,156,156,156,156,156,156,156,156,156,156,156,156
lp_pool1d,1085.2,,1078.8,1084.2,1084.2,1084.2,1085.2,1085.2,1085.2,1085.2,1085.2,1085.2,1085.2,1085.2,,,895.6,895.8,898.6,898.8,902.6,908.2,910.4,910.4,912.4,915.8,918.4,918.4
lp_pool2d,959.2,,958.8,959.2,959.2,959.2,959.2,959.2,959.2,959.2,959.2,959.2,959.2,959.2,,,775.8,792,793.8,796.4,797.4,797.6,799.6,801.2,801.2,801.2,801.2,801.2
margin_ranking_loss,1072.2,,1065.8,1067.6,1067.6,1069.2,1069.2,1069.6,1071.4,1071.4,1071.4,1071.4,1072.2,1072.2,,,913.8,937.2,960,974.2,989.8,998.2,1007.6,1010,1024.6,1028.2,1029.4,1031.6
max_pool1d,1142.6,,1101.6,1124.8,1142.6,1142.6,1142.6,1142.6,1142.6,1142.6,1142.6,1142.6,1142.6,1142.6,,,222.4,277.6,308.2,310.8,313.2,344.2,344.2,344.2,344.2,344.2,344.2,346.6
max_pool2d,899.4,,864.6,879.8,888.2,888.2,895.8,896,896,899.4,899.4,899.4,899.4,899.4,,,231.4,238.6,241.8,241.8,241.8,242,242,242.4,242.4,242.6,256.2,256.2
max_unpool1d,430,,423.2,430,430,430,430,430,430,430,430,430,430,430,,,100.6,184.6,199.4,253,255.4,302.4,347.2,349.6,349.6,349.6,349.6,349.6
max_unpool2d,237,,237,237,237,237,237,237,237,237,237,237,237,237,,,185.4,222.2,225.6,229,232.2,232.4,232.4,235.6,235.6,235.6,235.6,235.6
max_unpool3d,238.4,,227,235,235.6,235.6,235.6,235.6,238.4,238.4,238.4,238.4,238.4,238.4,,,62.2,69,108.4,138.6,175.6,182.4,219.4,220,222.2,222.2,222.2,224.6
mish,183,,183,183,183,183,183,183,183,183,183,183,183,183,,,132.8,150.4,168,168,183,183,183,183,183,183,183,183
mse_loss,1051,,1045.2,1046.6,1047.6,1049.8,1049.8,1049.8,1050.4,1050.4,1050.6,1051,1051,1051,,,879.4,924.6,945.6,951.2,959.4,967.8,968.6,972.6,972.6,981.2,984.4,989.4
multilabel_margin_loss,486.6,,484.4,485.6,486.2,486.2,486.6,486.6,486.6,486.6,486.6,486.6,486.6,486.6,,,364.6,388,398.8,403.4,410.8,411,414.2,423.4,426.2,426.2,435.2,438.4
multilabel_soft_margin_loss,1150.8,,1145,1146.2,1147.2,1147.2,1147.4,1149.4,1150.6,1150.6,1150.8,1150.8,1150.8,1150.8,,,923.2,969.6,1003.6,1012.6,1032.6,1039.2,1054,1055.4,1063.2,1063.2,1081,1083.2
nll_loss,1265.6,,722.8,826.2,930,1006.4,1112.4,1158.6,1189.6,1217,1232.2,1232.8,1249.4,1265.6,,,351,352.8,354.6,354.8,360.2,363.2,363.6,367.8,370,370,383.2,392.2
normalize,1321.4,,1319,1320.2,1321,1321,1321.4,1321.4,1321.4,1321.4,1321.4,1321.4,1321.4,1321.4,,,991.4,1022.6,1042.2,1046,1053,1057.4,1068.4,1070,1070.4,1070.4,1072.6,1072.8
pad,1894,,1848.8,1861.2,1879.4,1881.6,1886.6,1887.6,1892,1892.6,1893.8,1893.8,1893.8,1894,,,956.2,984.2,993.4,1001.6,1052.8,1087.2,1087.6,1099.8,1120.8,1122,1128.8,1136.4
pairwise_distance,1432,,1431.4,1431.4,1431.6,1431.8,1431.8,1431.8,1431.8,1431.8,1431.8,1431.8,1431.8,1432,,,814.2,831.4,854.6,863.2,864.4,866.8,881,883.6,883.6,889,894.8,895.6
pixel_unshuffle,692,,692,692,692,692,692,692,692,692,692,692,692,692,,,175.6,265.4,266.2,269.6,323.4,326.6,333,374.4,374.4,379.6,379.6,468.4
poisson_nll_loss,1348.8,,1342.4,1343.8,1346,1346.6,1346.6,1348.2,1348.2,1348.8,1348.8,1348.8,1348.8,1348.8,,,1085.4,1123.2,1153.4,1176.6,1198,1204.2,1218.6,1220,1227.2,1227.8,1230.8,1230.8
prelu,668,,668,668,668,668,668,668,668,668,668,668,668,668,,,366,401,435.8,468.6,473,481,513.4,513.4,513.8,528.6,536,541.6
relu,872,,826.2,851.4,863.6,872,872,872,872,872,872,872,872,872,,,249.4,249.8,291.4,291.4,291.4,291.4,291.4,292,311.6,311.6,311.6,311.6
relu6,860.2,,860.2,860.2,860.2,860.2,860.2,860.2,860.2,860.2,860.2,860.2,860.2,860.2,,,494.2,498.6,571.6,580.6,612.6,613,623.6,625.8,658,686.6,732,739.6
rrelu,811,,811,811,811,811,811,811,811,811,811,811,811,811,,,641,679.4,681.8,708.8,709.2,728.4,731.2,731.2,750,752.6,760,760.8
selu,199,,199,199,199,199,199,199,199,199,199,199,199,199,,,119.2,133.6,150.6,179.4,179.4,179.4,179.4,182,182,184.6,184.6,184.6
silu,226.8,,226.6,226.8,226.8,226.8,226.8,226.8,226.8,226.8,226.8,226.8,226.8,226.8,,,168.6,196,211,211,226,226,226,226,226,226.2,226.2,226.2
smooth_l1_loss,1075.4,,1072.4,1073,1073.2,1073.2,1073.2,1073.2,1073.2,1074.2,1074.2,1074.2,1074.4,1075.4,,,859.4,919.2,939.2,965,983.2,986.4,989.4,993.2,996.6,997.6,1000,1000.2
soft_margin_loss,1213.8,,1197.6,1198.4,1198.4,1201.4,1201.4,1204.4,1207.4,1207.4,1207.4,1207.4,1210.8,1213.8,,,797.2,829.8,853.8,885.8,903,903,918.4,922,944.4,948.4,951.6,955.6
softmax,655.2,,654.8,655.2,655.2,655.2,655.2,655.2,655.2,655.2,655.2,655.2,655.2,655.2,,,467.2,471.4,474.2,490.6,508.6,510,512.2,512.8,513,513.4,514.2,515.2
softmin,681.4,,681.4,681.4,681.4,681.4,681.4,681.4,681.4,681.4,681.4,681.4,681.4,681.4,,,508.4,510.2,519,525.2,530.8,532.4,533.8,538.8,538.8,538.8,539.8,544.2
softplus,180,,180,180,180,180,180,180,180,180,180,180,180,180,,,144.8,147.4,147.4,162.4,162.4,162.4,162.4,162.4,162.4,162.4,162.4,162.4
softshrink,196.8,,196.8,196.8,196.8,196.8,196.8,196.8,196.8,196.8,196.8,196.8,196.8,196.8,,,178.6,181.6,196.6,196.6,196.6,196.6,196.6,196.6,196.6,196.6,196.6,196.6
softsign,983.8,,983.4,983.4,983.8,983.8,983.8,983.8,983.8,983.8,983.8,983.8,983.8,983.8,,,806.2,817,818.6,822.2,825,825,877.6,877.6,877.6,877.8,877.8,877.8
tanhshrink,727.4,,727.4,727.4,727.4,727.4,727.4,727.4,727.4,727.4,727.4,727.4,727.4,727.4,,,614.4,617.8,618,618,631.8,639.2,639.2,639.6,639.6,646,646,646
threshold,485.6,,485.2,485.4,485.4,485.6,485.6,485.6,485.6,485.6,485.6,485.6,485.6,485.6,,,334.2,334.8,334.8,335.4,335.4,342.6,343.2,343.2,343.2,347,349.2,349.2
triplet_margin_loss,1610.6,,1598,1604.4,1606.2,1606.4,1608,1609,1609,1609.4,1609.4,1609.4,1609.4,1610.6,,,1052,1098.6,1121.6,1154.6,1168,1180.8,1190.4,1193.6,1200.4,1202.4,1203.4,1203.4
triplet_margin_with_distance_loss,1331.2,,1327,1327.2,1328.6,1329.8,1330.8,1330.8,1330.8,1331,1331,1331,1331.2,1331.2,,,954.8,989.4,1015,1032.4,1038.4,1048.4,1050.6,1070.4,1083.4,1083.4,1090.6,1096
,,,,,,,,,,,,,,,,,,,,,,,,,,,,
,,,,,,,,,,,,,,,,,,,,,,,,,,,,
Relative Branch Coverage,,,,,,,,,,,,,,,,,,,,,,,,,,,,
,,,LPF,,,,,,,,,,,,,,LPF-STAGED,,,,,,,,,,,
API,,,300,600,900,1200,1500,1800,2100,2400,2700,3000,3300,3600,,,300,600,900,1200,1500,1800,2100,2400,2700,3000,3300,3600
adaptive_avg_pool1d,,,99.89558862,99.93474289,99.93474289,99.96084573,99.97389715,99.97389715,99.98694858,100,100,100,100,100,,,85.18663534,93.52649439,95.52336205,95.58861916,95.67997912,95.88880188,95.91490472,95.91490472,95.92795615,95.92795615,96.37170452,96.37170452
adaptive_avg_pool2d,,,99.92350061,99.93880049,99.93880049,99.93880049,99.93880049,99.93880049,99.93880049,99.95410037,99.95410037,99.98470012,99.98470012,100,,,43.75764994,49.84700122,53.90146879,56.77784578,59.96022032,64.61138311,73.57711138,75.26009792,80.53855569,83.79742962,88.87698898,89.99388005
adaptive_avg_pool3d,,,99.78013925,99.98778551,99.98778551,99.98778551,99.98778551,99.98778551,99.98778551,99.98778551,99.98778551,99.98778551,99.98778551,100,,,20.7157689,28.59411262,41.18724808,43.97215097,57.43251496,61.89080249,62.74581654,65.21314279,65.99486992,69.09734946,71.29595701,72.16318554
adaptive_max_pool1d,,,100,100,100,100,100,100,100,100,100,100,100,100,,,62.44318182,78.86363636,88.29545455,88.69318182,94.88636364,96.30681818,97.61363636,97.61363636,97.61363636,97.78409091,97.78409091,97.78409091
adaptive_max_pool2d,,,100,100,100,100,100,100,100,100,100,100,100,100,,,44.23529412,45.17647059,45.29411765,76.47058824,86.35294118,86.35294118,87.17647059,87.41176471,87.64705882,87.64705882,87.64705882,98.70588235
adaptive_max_pool3d,,,100,100,100,100,100,100,100,100,100,100,100,100,,,33.78598588,40.14122759,53.557849,54.69853341,55.35035307,55.89353612,55.94785443,59.69581749,64.9103748,72.1890277,72.24334601,76.80608365
alpha_dropout,,,99.88407141,100,100,100,100,100,100,100,100,100,100,100,,,79.27196847,80.19939717,80.66311152,81.15001159,82.30929747,84.46556921,84.69742639,85.30025504,85.30025504,85.30025504,85.30025504,85.3698122
avg_pool1d,,,99.9364945,100,100,100,100,100,100,100,100,100,100,100,,,32.64182896,33.86960203,33.86960203,33.86960203,33.86960203,33.86960203,33.86960203,33.86960203,40.38950042,40.45300593,40.45300593,40.45300593
avg_pool2d,,,95.13624377,96.71842953,97.04072663,97.36302373,97.86111925,98.09551714,99.73630237,99.76560211,99.76560211,99.76560211,100,100,,,28.09844711,28.09844711,28.12774685,28.12774685,28.12774685,28.12774685,28.12774685,34.39789042,34.39789042,34.39789042,34.39789042,34.39789042
avg_pool3d,,,86.52980877,93.3352081,95.05061867,95.9223847,96.8503937,96.96287964,97.32845894,97.35658043,97.35658043,97.38470191,98.05961755,100,,,6.327334083,6.327334083,12.45781777,15.63554556,22.91901012,26.46231721,27.81214848,28.00899888,30.06186727,30.06186727,32.17097863,32.19910011
batch_norm,,,89.93067019,92.83591945,97.22680753,98.08517663,98.91053153,99.43875867,99.63684384,99.93397161,99.93397161,99.93397161,99.9669858,100,,,69.06569825,69.13172664,71.24463519,73.85275669,76.72499175,79.36612743,82.50247606,86.00198085,87.45460548,91.41630901,94.02443051,94.8827996
bilinear,,,94.58955224,96.90298507,98.33022388,99.40298507,99.74813433,99.83208955,99.87873134,99.94402985,99.99067164,100,100,100,,,77.36007463,80.98880597,82.22947761,83.44216418,84.05783582,85.15858209,86.0261194,86.33395522,86.66977612,86.69776119,86.99626866,87.06156716
binary_cross_entropy,,,66.43338517,66.6407465,66.6407465,79.70451011,79.70451011,79.70451011,79.70451011,99.97407983,99.97407983,99.97407983,99.97407983,100,,,30.81907724,30.84499741,30.94867807,30.94867807,30.94867807,33.59253499,38.15448419,38.18040435,43.41627786,45.25660964,45.25660964,45.28252981
binary_cross_entropy_with_logits,,,99.38860722,99.74649568,99.82105577,99.82105577,99.82105577,100,100,100,100,100,100,100,,,55.2341187,60.02087683,68.3566955,70.20578586,70.75753057,74.00835073,75.11184014,76.11094542,76.55830599,77.24425887,77.34864301,77.34864301
celu,,,100,100,100,100,100,100,100,100,100,100,100,100,,,64.62311558,67.83919598,75.37688442,75.37688442,75.37688442,75.37688442,75.37688442,75.37688442,79.29648241,81.20603015,81.20603015,81.20603015
conv1d,,,80.05638458,91.27011131,96.5197103,97.60365528,98.24041219,98.72648617,98.86744763,99.4750401,99.5722549,99.63058377,99.94167112,100,,,44.25703592,51.22247606,55.50478783,57.83794293,58.84897681,59.49545521,59.82598551,60.03013659,60.13707286,60.43843873,60.99256307,61.10436008
conv2d,,,78.80030885,89.75484992,94.14149213,96.35652929,97.68844706,98.21928385,98.67773381,98.83698485,99.05897114,99.49329215,99.77318792,100,,,33.05665476,41.27979925,45.89325355,47.99247177,49.05897114,49.29060901,50.22681208,52.26329505,52.62040344,52.69761606,53.44561336,54.87404691
conv3d,,,65.36059057,75.15834535,82.41820644,86.92176648,90.52985629,92.94980999,94.37382606,96.4661687,97.52762853,98.30515878,99.56318525,100,,,19.5824051,30.85222557,37.618486,39.23470056,40.53204036,43.25339623,46.56008387,49.12418643,49.94103001,51.64023937,52.74101254,53.38749836
conv_transpose1d,,,88.31441048,92.38427948,95.6768559,97.2139738,97.45851528,97.6768559,98.80349345,99.81659389,99.97379913,99.97379913,99.97379913,100,,,45.00436681,51.2139738,61.34497817,63.25764192,68.8209607,69.5371179,71.05676856,72.0349345,72.3231441,73.88646288,76.38427948,76.58515284
conv_transpose2d,,,82.14799154,91.23044397,93.07399577,94.31712474,97.05708245,98.03805497,98.35940803,98.48625793,98.53699789,98.55391121,98.57928118,100,,,32.13530655,36.77801268,42.52008457,48.41437632,49.87737844,51.18816068,51.61945032,51.62790698,51.68710359,52.30443975,52.30443975,55.0782241
cosine_similarity,,,99.91811333,99.91811333,99.950868,99.96724533,99.98362267,99.98362267,99.98362267,100,100,100,100,100,,,84.14674091,84.9164756,85.30953161,86.30854897,86.30854897,86.58696364,86.83262365,86.84900098,86.84900098,87.07828366,87.07828366,87.07828366
cross_entropy,,,83.81253594,86.88901668,91.41268929,92.75445658,93.76078206,95.06421315,95.37090282,95.65842438,97.02894384,98.00651716,99.71247844,100,,,11.75004792,16.28330458,18.61222925,20.36611079,20.66321641,21.94747939,22.60877899,24.73643857,25.28272954,26.84493004,27.00785892,27.1324516
ctc_loss,,,99.53954496,99.62080173,99.75622969,99.86457205,99.91874323,99.97291441,100,100,100,100,100,100,,,57.77356446,58.04442037,58.64030336,58.96533044,59.53412784,59.83206934,59.91332611,60.21126761,60.64463705,60.88840737,62.45937161,65.00541712
dropout,,,99.77163157,99.82238011,99.97462573,100,100,100,100,100,100,100,100,100,,,75.99594012,80.89317432,81.88277087,83.04998731,83.45597564,84.06495813,84.14108094,84.24257803,84.24257803,84.24257803,84.31870084,84.44557219
dropout2d,,,99.844479,99.90279938,99.96111975,100,100,100,100,100,100,100,100,100,,,69.61508554,73.87247278,76.01088647,78.05209953,78.67418351,80.67651633,82.81493002,83.39813375,83.53421462,83.53421462,83.98133748,85.7503888
dropout3d,,,99.80559876,99.90279938,99.94167963,99.96111975,100,100,100,100,100,100,100,100,,,70.72317263,73.23094868,74.10575428,74.53343701,75.0777605,75.25272162,75.8748056,75.89424572,77.23561431,79.35458787,80.17107309,80.24883359
elu,,,100,100,100,100,100,100,100,100,100,100,100,100,,,65.3038674,66.74033149,72.9281768,82.6519337,82.6519337,82.6519337,82.6519337,82.6519337,82.6519337,90.27624309,90.27624309,90.27624309
embedding,,,95.57788945,97.08542714,97.68844221,98.3919598,98.3919598,98.5678392,98.5678392,98.5678392,99.24623116,100,100,100,,,67.46231156,68.76884422,68.99497487,70.32663317,70.85427136,71.6080402,73.36683417,73.5678392,73.5678392,74.77386935,74.79899497,74.8241206
embedding_bag,,,43.81073577,49.82646923,72.5821379,83.26006478,91.02267469,94.31975937,96.22859787,98.14900509,99.09763998,99.43313281,99.84960666,100,,,25.87922258,28.72512726,35.26145303,36.8926423,37.60990282,37.8528459,37.95696437,38.01480796,38.06108283,39.44932901,39.44932901,39.50717261
feature_alpha_dropout,,,99.83079526,99.92748368,99.95165579,99.95165579,100,100,100,100,100,100,100,100,,,81.07324148,82.08846991,82.11264201,82.11264201,82.57191201,82.57191201,83.27290307,84.45733623,85.2066715,85.2066715,85.71428571,86.31858835
gelu,,,100,100,100,100,100,100,100,100,100,100,100,100,,,8.764705882,8.764705882,10.47058824,10.47058824,10.47058824,10.47058824,11.82352941,13.41176471,13.41176471,13.41176471,13.41176471,13.41176471
gumbel_softmax,,,100,100,100,100,100,100,100,100,100,100,100,100,,,83.12807882,83.58550317,89.23293455,91.94229416,92.57565095,95.7424349,95.77762139,95.77762139,97.92399719,97.92399719,97.99437016,97.99437016
hardshrink,,,100,100,100,100,100,100,100,100,100,100,100,100,,,59.1160221,59.1160221,59.1160221,80.33149171,80.33149171,80.33149171,80.33149171,81.87845304,91.71270718,100,100,100
hardtanh,,,99.97710098,100,100,100,100,100,100,100,100,100,100,100,,,54.86604076,55.41561713,55.43851614,59.74353103,64.3233341,64.34623311,65.01030456,65.01030456,65.01030456,65.19349668,65.35378979,65.85756812
hinge_embedding_loss,,,99.8579362,99.89668087,99.92251065,99.94834044,99.96125533,99.96125533,99.97417022,99.97417022,99.98708511,100,100,100,,,74.55766499,80.16272762,81.36381248,83.39145034,84.16634379,85.84527961,86.10357742,87.03344957,87.76959835,88.14413018,88.18287485,88.62198114
huber_loss,,,99.479869,99.69177422,99.76883067,99.80735889,99.80735889,99.80735889,99.80735889,99.80735889,99.80735889,99.90367945,99.90367945,100,,,68.00231169,80.87073782,87.01598921,90.34868041,90.81101907,92.71816606,92.81448661,93.39240994,93.79695627,94.22076671,94.60604893,95.02985937
instance_norm,,,88.42416561,90.53654415,92.04337417,92.43768483,92.63484016,92.78974792,92.98690325,93.11364597,93.11364597,93.18405858,99.91550486,100,,,61.79411351,62.8080552,63.62484157,64.20222504,64.3571328,64.44162794,65.44148711,65.59639487,65.6104774,65.6104774,65.6104774,66.37093367
interpolate,,,62.36327572,74.44035137,82.75998867,86.85179938,90.44488524,92.81382828,93.93029187,94.88807027,96.80929442,97.89175404,98.94020969,100,,,13.98129782,17.11533012,19.28024936,21.07112496,22.13091527,22.47662227,23.2757155,24.85689997,25.03825446,25.04392179,25.07792576,25.07792576
kl_div,,,99.95962043,99.97981022,99.97981022,99.97981022,99.97981022,100,100,100,100,100,100,100,,,68.66545528,68.7664042,68.7664042,68.7664042,68.8875429,68.8875429,68.8875429,68.8875429,68.8875429,68.8875429,68.8875429,68.8875429
l1_loss,,,99.85771201,99.9573136,99.9715424,99.9857712,99.9857712,100,100,100,100,100,100,100,,,80.53500285,85.65737052,88.17586796,90.92202618,92.1457029,92.44450768,94.05236198,94.22310757,94.25156517,94.94877632,95.66021628,95.81673307
layer_norm,,,26.90935046,47.59100642,68.93290507,82.42326909,91.32762313,98.69735903,99.78586724,99.9821556,100,100,100,100,,,19.62883655,22.89436117,22.89436117,22.93004996,23.09064954,25.78515346,28.35474661,31.40613847,34.49321913,34.86795146,38.31192006,39.7751606
leaky_relu,,,99.88130564,100,100,100,100,100,100,100,100,100,100,100,,,37.5074184,40.11869436,43.97626113,56.37982196,64.21364985,64.21364985,64.21364985,64.21364985,73.94658754,75.78635015,76.5578635,76.5578635
linear,,,94.19042878,96.99921781,97.7671905,98.2791723,98.70582379,98.95470383,99.16091872,99.38135533,99.48090735,99.68001138,99.7440091,100,,,66.45808149,70.31927754,75.6097561,76.78304771,78.38299083,79.14385266,79.65583446,79.74116476,80.51624831,80.9784541,81.92419825,81.97397426
local_response_norm,,,99.96287129,99.96287129,99.97524752,99.97524752,99.97524752,99.97524752,99.97524752,99.98762376,100,100,100,100,,,80.37128713,80.43316832,82.12871287,82.14108911,82.32673267,83.21782178,84.07178218,85.08663366,85.71782178,86.60891089,86.60891089,87.75990099
log_softmax,,,99.83935743,99.94645248,100,100,100,100,100,100,100,100,100,100,,,64.06961178,70.2811245,70.65595716,70.73627845,70.89692102,72.69076305,73.38688086,73.46720214,73.84203481,73.89558233,74.19009371,74.19009371
logsigmoid,,,100,100,100,100,100,100,100,100,100,100,100,100,,,100,100,100,100,100,100,100,100,100,100,100,100
lp_pool1d,,,99.41024696,99.90785109,99.90785109,99.90785109,100,100,100,100,100,100,100,100,,,82.52856616,82.54699595,82.8050129,82.82344268,83.17360855,83.68964246,83.89237007,83.89237007,84.0766679,84.3899742,84.62956137,84.62956137
lp_pool2d,,,99.95829858,100,100,100,100,100,100,100,100,100,100,100,,,80.87989992,82.56880734,82.75646372,83.02752294,83.13177648,83.15262719,83.36113428,83.52793995,83.52793995,83.52793995,83.52793995,83.52793995
margin_ranking_loss,,,99.40309644,99.57097556,99.57097556,99.72020145,99.72020145,99.75750793,99.92538705,99.92538705,99.92538705,99.92538705,100,100,,,85.22663682,87.40906547,89.53553442,90.8599142,92.31486663,93.09830256,93.97500466,94.1988435,95.56052975,95.89628801,96.00820742,96.21339302
max_pool1d,,,96.41169263,98.44214948,100,100,100,100,100,100,100,100,100,100,,,19.46437949,24.29546648,26.97356905,27.20112025,27.41116751,30.12427796,30.12427796,30.12427796,30.12427796,30.12427796,30.12427796,30.33432522
max_pool2d,,,96.13075384,97.8207694,98.75472537,98.75472537,99.59973316,99.6219702,99.6219702,100,100,100,100,100,,,25.72826329,26.52879698,26.88458973,26.88458973,26.88458973,26.90682677,26.90682677,26.95130087,26.95130087,26.97353791,28.4856571,28.4856571
max_unpool1d,,,98.41860465,100,100,100,100,100,100,100,100,100,100,100,,,23.39534884,42.93023256,46.37209302,58.8372093,59.39534884,70.3255814,80.74418605,81.30232558,81.30232558,81.30232558,81.30232558,81.30232558
max_unpool2d,,,100,100,100,100,100,100,100,100,100,100,100,100,,,78.2278481,93.75527426,95.18987342,96.62447257,97.97468354,98.05907173,98.05907173,99.4092827,99.4092827,99.4092827,99.4092827,99.4092827
max_unpool3d,,,95.21812081,98.5738255,98.82550336,98.82550336,98.82550336,98.82550336,100,100,100,100,100,100,,,26.09060403,28.94295302,45.46979866,58.13758389,73.65771812,76.51006711,92.03020134,92.28187919,93.20469799,93.20469799,93.20469799,94.2114094
mish,,,100,100,100,100,100,100,100,100,100,100,100,100,,,72.56830601,82.18579235,91.80327869,91.80327869,100,100,100,100,100,100,100,100
mse_loss,,,99.44814462,99.58135109,99.67649857,99.88582303,99.88582303,99.88582303,99.94291151,99.94291151,99.96194101,100,100,100,,,83.67269267,87.97335871,89.97145576,90.50428164,91.28449096,92.08372978,92.15984776,92.54043768,92.54043768,93.35870599,93.66317793,94.13891532
multilabel_margin_loss,,,99.54788327,99.7944924,99.91779696,99.91779696,100,100,100,100,100,100,100,100,,,74.92807234,79.73695027,81.95643239,82.90176737,84.42252363,84.46362515,85.12124949,87.01191944,87.58734073,87.58734073,89.43690917,90.0945335
multilabel_soft_margin_loss,,,99.49600278,99.60027807,99.68717414,99.68717414,99.70455335,99.8783455,99.98262079,99.98262079,100,100,100,100,,,80.22245395,84.2544317,87.20889816,87.99096281,89.72888425,90.30239833,91.5884602,91.7101147,92.38790407,92.38790407,93.93465415,94.12582551
nll_loss,,,57.11125158,65.28128951,73.482933,79.51959545,87.89506953,91.54551201,93.99494311,96.15992415,97.36093552,97.40834387,98.71997472,100,,,27.73388116,27.87610619,28.01833123,28.03413401,28.4608091,28.69785082,28.72945638,29.06131479,29.23514539,29.23514539,30.27812895,30.98925411
normalize,,,99.81837445,99.90918723,99.96972908,99.96972908,100,100,100,100,100,100,100,100,,,75.02648706,77.38761919,78.87089451,79.15846829,79.68820947,80.02118965,80.85364008,80.97472378,81.0049947,81.0049947,81.17148479,81.18662025
pad,,,97.61351637,98.26821542,99.22914467,99.34530095,99.6092925,99.66209081,99.89440338,99.92608237,99.98944034,99.98944034,99.98944034,100,,,50.48574446,51.96409715,52.44984161,52.88278775,55.58606125,57.40232313,57.42344245,58.06758184,59.17634636,59.23970433,59.59873284,60
pairwise_distance,,,99.95810056,99.95810056,99.97206704,99.98603352,99.98603352,99.98603352,99.98603352,99.98603352,99.98603352,99.98603352,99.98603352,100,,,56.8575419,58.05865922,59.67877095,60.27932961,60.36312849,60.53072626,61.52234637,61.70391061,61.70391061,62.08100559,62.48603352,62.54189944
pixel_unshuffle,,,100,100,100,100,100,100,100,100,100,100,100,100,,,25.37572254,38.35260116,38.46820809,38.95953757,46.73410405,47.19653179,48.12138728,54.10404624,54.10404624,54.85549133,54.85549133,67.68786127
poisson_nll_loss,,,99.52550415,99.62930012,99.79240807,99.83689205,99.83689205,99.95551601,99.95551601,100,100,100,100,100,,,80.47153025,83.27402135,85.51304864,87.23309609,88.81969158,89.27935943,90.34697509,90.45077106,90.98457888,91.02906287,91.2514828,91.2514828
prelu,,,100,100,100,100,100,100,100,100,100,100,100,100,,,54.79041916,60.02994012,65.23952096,70.1497006,70.80838323,72.00598802,76.85628743,76.85628743,76.91616766,79.13173653,80.23952096,81.07784431
relu,,,94.74770642,97.63761468,99.03669725,100,100,100,100,100,100,100,100,100,,,28.60091743,28.64678899,33.41743119,33.41743119,33.41743119,33.41743119,33.41743119,33.48623853,35.73394495,35.73394495,35.73394495,35.73394495
relu6,,,100,100,100,100,100,100,100,100,100,100,100,100,,,57.45175541,57.96326436,66.44966287,67.49593118,71.21599628,71.26249709,72.49476866,72.75052313,76.49383864,79.81864683,85.09648919,85.98000465
rrelu,,,100,100,100,100,100,100,100,100,100,100,100,100,,,79.03822441,83.77311961,84.06905055,87.39827374,87.44759556,89.81504316,90.16029593,90.16029593,92.4784217,92.79901356,93.71146732,93.81011097
selu,,,100,100,100,100,100,100,100,100,100,100,100,100,,,59.89949749,67.13567839,75.67839196,90.15075377,90.15075377,90.15075377,90.15075377,91.45728643,91.45728643,92.7638191,92.7638191,92.7638191
silu,,,99.91181658,100,100,100,100,100,100,100,100,100,100,100,,,74.33862434,86.41975309,93.0335097,93.0335097,99.64726631,99.64726631,99.64726631,99.64726631,99.64726631,99.73544974,99.73544974,99.73544974
smooth_l1_loss,,,99.72103403,99.77682723,99.79542496,99.79542496,99.79542496,99.79542496,99.79542496,99.88841361,99.88841361,99.88841361,99.90701134,100,,,79.91445044,85.47517203,87.33494514,89.73405245,91.42644597,91.72400967,92.00297564,92.35633253,92.67249396,92.76548261,92.98865538,93.00725312
soft_margin_loss,,,98.66534849,98.73125721,98.73125721,98.9784149,98.9784149,99.22557258,99.47273027,99.47273027,99.47273027,99.47273027,99.75284231,100,,,65.67803592,68.36381611,70.34107761,72.97742626,74.39446367,74.39446367,75.66320646,75.95979568,77.80523974,78.13478333,78.39841819,78.72796177
softmax,,,99.93894994,100,100,100,100,100,100,100,100,100,100,100,,,71.30647131,71.94749695,72.37484737,74.87789988,77.62515263,77.83882784,78.17460317,78.26617827,78.2967033,78.35775336,78.47985348,78.63247863
softmin,,,100,100,100,100,100,100,100,100,100,100,100,100,,,74.6110948,74.87525682,76.16671559,77.07660699,77.89844438,78.13325506,78.33871441,79.0724978,79.0724978,79.0724978,79.21925448,79.86498386
softplus,,,100,100,100,100,100,100,100,100,100,100,100,100,,,80.44444444,81.88888889,81.88888889,90.22222222,90.22222222,90.22222222,90.22222222,90.22222222,90.22222222,90.22222222,90.22222222,90.22222222
softshrink,,,100,100,100,100,100,100,100,100,100,100,100,100,,,90.75203252,92.27642276,99.89837398,99.89837398,99.89837398,99.89837398,99.89837398,99.89837398,99.89837398,99.89837398,99.89837398,99.89837398
softsign,,,99.95934133,99.95934133,100,100,100,100,100,100,100,100,100,100,,,81.94755032,83.04533442,83.2079691,83.57389713,83.85850783,83.85850783,89.20512299,89.20512299,89.20512299,89.22545233,89.22545233,89.22545233
tanhshrink,,,100,100,100,100,100,100,100,100,100,100,100,100,,,84.46521859,84.93263679,84.96013198,84.96013198,86.85729997,87.87462194,87.87462194,87.92961232,87.92961232,88.80945834,88.80945834,88.80945834
threshold,,,99.91762768,99.95881384,99.95881384,100,100,100,100,100,100,100,100,100,,,68.82207578,68.94563427,68.94563427,69.06919275,69.06919275,70.55189456,70.67545305,70.67545305,70.67545305,71.45799012,71.91103789,71.91103789
triplet_margin_loss,,,99.21768285,99.61505029,99.72680988,99.73922762,99.83856948,99.90065814,99.90065814,99.9254936,99.9254936,99.9254936,99.9254936,100,,,65.31727307,68.21060474,69.63864398,71.68756985,72.51955793,73.31429281,73.91034397,74.10902769,74.5312306,74.65540792,74.71749659,74.71749659
triplet_margin_with_distance_loss,,,99.68449519,99.69951923,99.8046875,99.89483173,99.96995192,99.96995192,99.96995192,99.98497596,99.98497596,99.98497596,100,100,,,71.72475962,74.32391827,76.24699519,77.55408654,78.00480769,78.75600962,78.92127404,80.40865385,81.38521635,81.38521635,81.92608173,82.33173077
,,,,,,,,,,,,,,,,,,,,,,,,,,,,
upper quartile,,,99.97710098,100,100,100,100,100,100,100,100,100,100,100,,,78.2278481,81.88888889,82.75646372,83.57389713,86.30854897,86.35294118,87.87462194,87.92961232,89.20512299,90.27624309,90.27624309,91.2514828
median,,,99.81837445,99.90918723,99.95165579,99.96972908,99.98778551,100,100,100,100,100,100,100,,,65.31727307,68.7664042,70.65595716,74.53343701,75.37688442,76.51006711,78.33871441,79.0724978,80.51624831,81.0049947,81.30232558,81.30232558
lower quartile,,,96.13075384,98.26821542,98.82550336,99.34530095,99.6092925,99.66209081,99.80735889,99.93397161,99.96194101,99.98470012,99.98778551,100,,,33.78598588,41.27979925,45.89325355,56.37982196,58.84897681,59.83206934,59.91332611,60.21126761,61.70391061,62.08100559,62.48603352,65.85756812