Absolute Branch Coverage,,,,,,,,,,,,,,,,,,,,,,,,,,,
,,,LPF,,,,,,,,,,,,,LPF-NDP,,,,,,,,,,,
API,MAX,,300,600,900,1200,1500,1800,2100,2400,2700,3000,3300,3600,,300,600,900,1200,1500,1800,2100,2400,2700,3000,3300,3600
BroadcastTo,10946.8,,8924.8,9262.8,9616.8,9923.4,10121.6,10274.4,10367,10477.2,10496.2,10673.4,10781.6,10946.8,,8580.2,8853,9147.4,9291,9379.8,9496,9586.8,9731.6,9779.4,9899,9986.2,10027.8
DepthToSpace,8571.8,,1172.4,2181.8,5013,6765,7221.6,8369.8,8568.8,8569,8571.8,8571.8,8571.8,8571.8,,4145.2,4351.8,5222.6,5907.6,5984.6,6075.6,6116.2,6181,6237.6,6244.2,6244.2,6244.2
Diag,6793,,6788.2,6788.2,6788.2,6789.8,6789.8,6789.8,6789.8,6789.8,6789.8,6789.8,6789.8,6789.8,,6793,6793,6793,6793,6793,6793,6793,6793,6793,6793,6793,6793
DiagPart,6607,,6601,6601,6601,6603,6605,6605,6605,6605,6605,6607,6607,6607,,6592.8,6594.8,6595.2,6597.2,6597.2,6599.2,6599.2,6601.2,6601.2,6601.2,6601.2,6601.2
EnsureShape,8575,,8528.2,8558.8,8572.4,8573,8574.6,8574.8,8574.8,8575,8575,8575,8575,8575,,8522.8,8522.8,8524,8524,8524,8524,8524,8524,8524,8524,8524,8524
ExpandDims,8982.2,,8948.8,8960.4,8966.2,8966.4,8968.4,8971,8972.2,8972.2,8977.2,8977.2,8977.4,8977.4,,8941,8953.4,8958,8958.8,8966.6,8968,8971.2,8975,8977,8981.8,8981.8,8982.2
Gather,14194.2,,13820.8,13896.4,13951.6,14012.2,14030.2,14050.6,14059.6,14120.4,14126.4,14141.8,14157.6,14194.2,,13793.4,13862.6,13934.2,13951.8,13982.8,13996,14008.6,14029.8,14034.2,14045.4,14057.2,14058
GatherNd,17688.6,,15489.2,15899,16073.8,16308.6,16451,16573.6,16607.8,16868,16957,17043.2,17121.4,17219.6,,15501.6,15854.8,16138.6,16338.2,16542.4,16741.8,16911.6,17096.8,17282.2,17368.8,17499,17688.6
Identity,8511,,8467.8,8503.4,8503.8,8508.8,8508.8,8508.8,8508.8,8508.8,8508.8,8508.8,8508.8,8508.8,,8505.4,8509.8,8509.8,8509.8,8509.8,8509.8,8511,8511,8511,8511,8511,8511
MatrixBandPart,8156.2,,7766,7882.6,7944,7977.4,7996.8,8011.4,8059.4,8076.6,8105.6,8108.6,8136.6,8156.2,,7830.4,7893.4,7931.8,7937.6,7975.2,8002.2,8024.2,8060.8,8082.2,8088,8117.8,8123
MatrixDiag,8634.2,,8608,8628,8634.2,8634.2,8634.2,8634.2,8634.2,8634.2,8634.2,8634.2,8634.2,8634.2,,8624.2,8624.2,8628,8628,8628,8628,8628,8628,8628,8628,8628,8628
MatrixDiagPart,8599.8,,8575,8589.2,8597.2,8597.2,8597.2,8597.2,8597.2,8597.2,8597.2,8597.2,8597.2,8597.2,,8594.2,8597.4,8599.8,8599.8,8599.8,8599.8,8599.8,8599.8,8599.8,8599.8,8599.8,8599.8
MatrixDiagPartV2,7719.4,,6195,6403.6,6629.8,6772.6,6774.8,6774.8,7227.4,7401.2,7403.8,7410.2,7617.2,7719.4,,6541,6819.6,6987.6,6989.2,7071.4,7133.8,7134,7136,7219.6,7294.8,7448.6,7450.4
MatrixDiagPartV3,7861,,5498.2,5735.4,5875.6,6622.6,6678.4,6720.6,6788.4,6913.6,7057.8,7139.8,7182.6,7267.6,,6680,6904.2,6944.2,7069,7165.8,7314.4,7375.8,7445.2,7456,7575.8,7689.6,7861
MatrixDiagV2,2335.4,,1274.4,1476,1679.4,1694.2,1902.4,1902.6,1902.6,1902.6,1909,1909,1909.2,2316.2,,2309.8,2321.6,2321.8,2329,2329,2335,2335.4,2335.4,2335.4,2335.4,2335.4,2335.4
MatrixDiagV3,2365.4,,1918.8,2127.2,2141.8,2141.8,2355.4,2355.4,2364,2364,2364.2,2364.2,2364.2,2365.4,,1515.2,1723.4,1922.8,2133.4,2133.6,2143.4,2143.8,2152.6,2152.6,2152.6,2152.6,2152.6
MatrixSetDiagV2,8406,,6663.8,6798.2,7346.6,7500,7805.6,7954.2,8019.6,8065.6,8177.6,8250.8,8287.4,8406,,6633.4,6815.6,6920,6963.2,7134.4,7165,7251.6,7297.2,7366.4,7413.2,7413.2,7534
MatrixSetDiagV3,7915.8,,6852.8,7082,7375.2,7553.8,7585.2,7696.4,7755.2,7826.2,7826.4,7871.8,7873.6,7915.8,,6462.2,6506.2,6506.2,6568,6642.2,6642.2,6642.2,6644,6644,6699.8,6760.2,6889
OnesLike,6225,,6207,6218.8,6220.4,6222.2,6222.2,6222.2,6222.2,6222.2,6222.2,6222.2,6222.2,6222.2,,6223.8,6225,6225,6225,6225,6225,6225,6225,6225,6225,6225,6225
Pad,9485.8,,3520,3520,5817.4,6070.8,6515.8,6898.6,7079,7251.6,7520,8742.2,8896.8,9485.8,,1231.6,1231.6,4055.2,4055.2,4211.8,4211.8,4212.4,4295.6,4295.6,4376.6,5304.8,5427.2
PadV2,4270.4,,2979.8,2979.8,3012.6,3012.6,3012.6,3012.6,3878.8,3878.8,3878.8,4159.6,4270.4,4270.4,,1223.2,2114.2,2114.2,2114.2,2114.2,2114.2,2114.2,2114.2,2114.2,3049,3049,3049
Where,9431,,9317.4,9388.2,9410.4,9421.8,9426.2,9426.2,9426.4,9426.4,9427.6,9427.6,9427.6,9427.6,,9418.2,9428.2,9430.2,9430.4,9431,9431,9431,9431,9431,9431,9431,9431
ZerosLike,6509,,6503.4,6508.2,6508.2,6508.2,6508.2,6508.2,6508.2,6508.2,6508.2,6508.2,6508.2,6508.2,,6509,6509,6509,6509,6509,6509,6509,6509,6509,6509,6509,6509
AdjustHue,5421.4,,5381,5418.8,5418.8,5418.8,5418.8,5418.8,5418.8,5418.8,5418.8,5418.8,5418.8,5418.8,,5305.8,5308.8,5312.8,5347.2,5381.2,5381.2,5384,5417.8,5419.8,5421.4,5421.4,5421.4
AdjustSaturation,5373.6,,5371.6,5371.6,5371.6,5371.6,5371.6,5371.6,5373.6,5373.6,5373.6,5373.6,5373.6,5373.6,,5288.4,5314.8,5315,5315,5340.2,5340.2,5365.4,5365.4,5367.4,5367.4,5367.4,5367.4
EncodePng,5982.4,,5968.2,5972.8,5978,5978,5978,5978,5978,5978,5978,5978,5978,5980.8,,5886.6,5929,5975.8,5977.6,5977.6,5977.6,5977.6,5981.8,5982.2,5982.2,5982.4,5982.4
ExtractGlimpse,2090.8,,1244.2,1244.2,1244.2,1244.2,1244.2,1244.2,2089.4,2089.6,2089.6,2090.4,2090.8,2090.8,,1249.2,1249.2,1249.2,1249.2,1249.2,1249.2,1249.2,1249.2,1249.2,1249.2,1249.2,1249.2
HSVToRGB,8043.8,,8014.8,8031.2,8040.2,8042.6,8042.6,8042.6,8042.6,8042.6,8042.6,8043,8043,8043,,8024.6,8036.6,8039,8039,8041.4,8041.4,8041.4,8041.4,8041.4,8041.4,8041.4,8043.8
RGBToHSV,10470.2,,10418.4,10430.8,10454.2,10460.4,10469.4,10469.4,10470,10470,10470.2,10470.2,10470.2,10470.2,,10399,10417.6,10429.8,10435.8,10435.8,10435.8,10435.8,10435.8,10435.8,10435.8,10435.8,10435.8
ResizeBicubic,5098.4,,3191.4,3191.4,3191.4,3192,3192,3192,3192,3192,3243.8,3425.4,3573,3591.8,,3189.6,3189.6,3189.6,5036.6,5036.6,5036.6,5067.4,5067.4,5067.4,5067.4,5098.4,5098.4
ResizeBilinear,6564,,4977,5029.4,5968.2,5991.4,6015,6106.2,6275,6321.4,6327.6,6377.2,6540,6564,,4935,4970,4970,4970,5073.4,5099.4,5099.4,5099.4,5099.4,5099.4,5157.8,5157.8
ResizeNearestNeighbor,6140,,3976.6,4875.8,4913.2,4913.2,4913.2,4913.2,4913.2,4913.2,4913.2,4975.8,5047.2,5117.8,,3153.8,4975.6,4975.6,5021.2,5080.8,5080.8,5116,5116,5116,5116,6080.2,6140
MatchingFiles,5406.4,,5405.2,5406,5406,5406.4,5406.4,5406.4,5406.4,5406.4,5406.4,5406.4,5406.4,5406.4,,5404.4,5404.4,5404.4,5404.4,5404.4,5404.4,5404.4,5404.4,5404.4,5404.4,5404.4,5404.4
Abs,6842.6,,6836.2,6842.4,6842.6,6842.6,6842.6,6842.6,6842.6,6842.6,6842.6,6842.6,6842.6,6842.6,,6824.2,6839.2,6840.4,6841.6,6841.6,6841.6,6841.6,6841.6,6841.6,6841.6,6841.6,6841.6
Add,19642.8,,11644.8,13737.8,14548.2,15791,16918.6,17525,17845.2,18379,18614,18892.4,19225,19642.8,,13085.8,14612.2,15556,15730.8,16446.6,16668.6,16849,16978,17179,17329.4,17361.8,17417.4
AddN,9554.8,,8641,8979.8,9114.4,9221,9300.2,9317.6,9376,9445.2,9503.8,9504,9529.2,9554.8,,8600.4,8879.8,9081.2,9277.6,9362.6,9392.6,9431.6,9445,9445,9445,9445,9445
AddV2,21724.8,,12043.4,13998.8,15423,16618.2,17763.6,18423,19108,19555.6,19995.6,20356.2,21118,21724.8,,14487.2,15913.6,16305.2,16823.6,17077,17454,18123,18488.2,18673.2,18809,19046.6,19138.2
All,7678.8,,6848.4,6909.8,7004.2,7126.2,7277,7409.2,7454.8,7504,7572.2,7576.6,7601.4,7678.8,,6690.2,6726,6761.2,6818.2,6818.2,6836,6851,6886.8,6888.8,6898.4,6898.4,6898.4
Any,7450.8,,6750.2,6877.6,6951.8,6953.8,6996.2,7013.6,7065.4,7178.4,7342,7351.6,7429.4,7450.8,,6777.8,6818.2,6943.8,6949,6949,6979,6979,7014.6,7023.4,7034.4,7034.4,7034.4
Asin,6556.2,,6554.6,6555,6555,6555,6555,6555,6555,6555,6555,6555,6555,6555,,6555,6555,6556.2,6556.2,6556.2,6556.2,6556.2,6556.2,6556.2,6556.2,6556.2,6556.2
Asinh,6517,,6515.4,6515.4,6515.4,6515.4,6515.4,6515.4,6515.4,6515.4,6515.4,6515.4,6515.4,6515.4,,6515,6517,6517,6517,6517,6517,6517,6517,6517,6517,6517,6517
Atan,6598.2,,6592.6,6594.6,6594.6,6594.6,6594.6,6594.6,6594.6,6594.6,6594.6,6594.6,6594.6,6594.6,,6595.4,6596.6,6596.6,6598.2,6598.2,6598.2,6598.2,6598.2,6598.2,6598.2,6598.2,6598.2
Atanh,6578.8,,6568.6,6577.6,6578.8,6578.8,6578.8,6578.8,6578.8,6578.8,6578.8,6578.8,6578.8,6578.8,,6572.2,6572.2,6573.4,6573.4,6573.4,6573.4,6573.4,6573.4,6573.4,6573.4,6573.4,6573.4
Ceil,6125.4,,6119.4,6119.4,6119.4,6121.4,6123.4,6123.4,6123.4,6123.4,6125.4,6125.4,6125.4,6125.4,,6119.6,6124,6124,6124,6124,6124,6124,6124,6124,6124,6124,6124
ClipByValue,9417.6,,8028,8310.8,8617.6,8824.2,9062.6,9131.2,9181.6,9286.4,9326.8,9340.4,9386.6,9417.6,,8284,8440.6,8617.8,8681.2,8785,8814.2,8875.6,8937.2,8965.6,8986.6,9057.6,9142.8
ComplexAbs,5985,,5985,5985,5985,5985,5985,5985,5985,5985,5985,5985,5985,5985,,5981.8,5981.8,5981.8,5981.8,5981.8,5981.8,5981.8,5981.8,5981.8,5981.8,5981.8,5981.8
Conj,5790.6,,5789.8,5789.8,5789.8,5789.8,5789.8,5789.8,5789.8,5789.8,5789.8,5789.8,5789.8,5789.8,,5788.6,5790.6,5790.6,5790.6,5790.6,5790.6,5790.6,5790.6,5790.6,5790.6,5790.6,5790.6
Cumsum,11549.8,,10720.4,11023.8,11106,11323.6,11349.6,11370.4,11399.2,11413,11475.6,11523.4,11525.6,11549.8,,10452.6,10701.8,10888.2,10998.8,11119.6,11154,11243.2,11306.2,11354.2,11431.2,11465.6,11483
Div,20068.4,,11916.6,14619,15865.6,16730.6,17148.8,17564.6,18031,18759.6,19183.2,19341.2,19827.4,20068.4,,13748.4,15092.6,15874.6,16453,17268,17688,17781.2,17933.2,18007.8,18143.8,18339.8,18386.8
DivNoNan,13885.4,,9356.8,10107.8,10849.4,11800.6,12292,12686,12895.8,13273.2,13432,13562.4,13785,13885.4,,10266,10692.4,11057.6,11193.8,11804.6,11847.4,11935.2,12034.6,12040.6,12055.8,12073.8,12150.6
Equal,23916.6,,14018,15643.6,16236.4,17152.2,17999.8,18743,19273.4,19712.6,20273,20673,21130.4,21606.2,,16666.2,18836.6,19705.2,20437.4,21187.2,21658.6,22276.2,22483.8,22699.2,23106.8,23440.4,23916.6
Exp,6618.4,,6614.8,6615.2,6615.2,6615.2,6615.2,6615.2,6615.2,6615.2,6615.2,6615.2,6615.2,6615.2,,6615.2,6617.2,6618.4,6618.4,6618.4,6618.4,6618.4,6618.4,6618.4,6618.4,6618.4,6618.4
Expm1,6593,,6592.2,6592.6,6592.6,6592.6,6592.6,6592.6,6592.6,6593,6593,6593,6593,6593,,6588.6,6589.8,6591.8,6591.8,6591.8,6591.8,6591.8,6591.8,6591.8,6591.8,6591.8,6591.8
Floor,6125.4,,6121.4,6121.4,6121.4,6123.4,6123.4,6125.4,6125.4,6125.4,6125.4,6125.4,6125.4,6125.4,,6116.2,6116.4,6116.4,6116.4,6116.4,6116.4,6116.4,6116.4,6116.4,6116.4,6116.4,6116.4
FloorMod,20043.2,,11045.4,13348.4,14830.8,15817.2,16960.4,17571,18467.2,18697.4,19004.6,19461.6,19747.6,20043.2,,14033,15264.6,15667.6,15947.2,16353.2,16944.4,17079.4,17609.2,17611.8,17809.4,17820,17957.6
GreaterEqual,19718,,11574.8,13954.8,14966,16162.2,16631.6,17170,17846.4,18223.4,18670.6,18964,19210.6,19718,,14481,15444,15660.4,16191.8,16524.6,16712.2,16902.6,16995.2,17209,17479,17592.8,17784.4
Inv,6634.2,,6632.4,6634,6634,6634,6634.2,6634.2,6634.2,6634.2,6634.2,6634.2,6634.2,6634.2,,6613,6618.2,6623,6623,6623,6623,6623,6623,6623,6623,6623,6623
Less,20654,,12104.8,13910.6,15323.6,16117,16978.2,17467.2,18314.2,18853.4,19237.6,19493.2,20117.8,20654,,14327,14976.6,15305.8,16076,16527.8,16745.2,17067.8,17343.8,17547,17631.8,17808.8,18015.8
LessEqual,20695.8,,12036.6,13835,14916.4,15922.4,17171.4,17814.4,18600.8,18911.2,19620.8,19990.2,20412.8,20695.8,,13369.6,14218.2,15192,15765.8,16334.4,16554.6,16822.2,17095.8,17469,17739,17942.8,18187
Lgamma,5883.6,,5875.2,5875.4,5875.4,5875.4,5875.4,5875.4,5877.4,5877.4,5877.4,5877.4,5877.4,5877.4,,5881.2,5881.2,5881.2,5883.2,5883.6,5883.6,5883.6,5883.6,5883.6,5883.6,5883.6,5883.6
Log1p,6633.8,,6617,6632.2,6632.2,6632.2,6632.2,6632.2,6633.8,6633.8,6633.8,6633.8,6633.8,6633.8,,6624.8,6624.8,6624.8,6624.8,6624.8,6624.8,6624.8,6624.8,6624.8,6624.8,6624.8,6624.8
LogicalAnd,8245.8,,7680.8,7912.2,7946,8156.8,8186.8,8205.4,8211,8227.4,8238.8,8243.8,8244.6,8245.8,,6690.4,6886.8,6888.8,6891.6,6891.6,6891.6,6891.6,6891.6,6891.6,6891.6,6891.6,6891.6
LogicalNot,5540.8,,5536.8,5536.8,5536.8,5538.8,5538.8,5538.8,5538.8,5540.8,5540.8,5540.8,5540.8,5540.8,,5519.8,5524.8,5524.8,5524.8,5524.8,5524.8,5524.8,5524.8,5524.8,5524.8,5524.8,5524.8
LogicalOr,8218.4,,7460.8,7682.2,7811.6,7938.4,7951.4,8041.8,8074.8,8163.6,8182.4,8191.8,8194.2,8218.4,,6703.2,6802.2,6803.8,6803.8,6803.8,6803.8,6803.8,6803.8,6803.8,6803.8,6803.8,6803.8
MatMul,15320.8,,9333.4,9852.6,10542.2,11380.2,12263.2,12739.4,13375.2,14549.4,14986.6,15157,15258.8,15320.8,,9199.8,9404,9506.6,9695.2,10030.2,10037.6,10151.8,10185.4,10292.2,10292.4,10322.8,10428.4
Max,9595.6,,8174.6,8378.8,8535.8,8834.4,8980.4,9111.6,9229.8,9335,9373,9427.4,9433,9595.6,,7480.8,7655,7783.6,8082.4,8226,8281.2,8310.6,8383.2,8401.6,8597.4,8640.8,8730
Mean,10097,,8149.6,8450.6,8641.6,8786.2,8950.4,9061.4,9264.4,9337.4,9558.2,9698.4,9932.2,10097,,8114.8,8534.2,8772.2,8958.6,9023,9104.4,9187.6,9419.4,9488.6,9571,9637,9750
Min,8893.6,,7950.6,8098,8296.8,8429,8455.8,8538,8550.6,8550.6,8658.4,8740.2,8809.4,8893.6,,7353.8,7506.2,7722.2,7884.4,7979.2,8065.2,8077.8,8226.2,8258.8,8404.6,8473.6,8537
Minimum,20033.6,,11614,13542.4,14620.8,15610.8,16653.4,17178.8,17908.8,18470.8,19118.8,19341,19748,20033.6,,13814,15037.4,15816.4,16426.2,16845.4,17141.4,17221.4,17434.2,17506.8,17585.4,17733.8,17811
Mod,11741.4,,8351.2,9328.6,9833.6,10402,10675.4,10946.2,11029.2,11184.8,11408.8,11598,11630,11741.4,,8977.2,9075.4,9488.4,9569.4,9703.2,9910.4,10124.8,10207.6,10336.4,10344.6,10347.2,10437.2
MulNoNan,13909.8,,9631.6,10564.2,11351.2,11768.8,11987.6,12265.2,12728.8,12832,13297.2,13589,13848.2,13909.8,,10019.4,10217.2,10615,11004.2,11023.4,11097.8,11238.8,11486.6,11495,11510,11510.2,11510.2
NotEqual,23429,,14706.2,15636,16658.6,17046.4,17776.8,18471.8,19081.8,19671,20042,20139.4,20483.8,20577.2,,17697.8,18932.8,19930.8,20557.8,20962.2,21461.2,21890.4,22355.6,22660.8,22914,23249.4,23429
Pow,17773.2,,10468.4,12744.8,13855.6,14443.6,14817.6,15157.2,15940.8,16593,16772.8,17140.4,17591.2,17773.2,,12757.8,13349.2,13777.4,14038.2,14075.8,14355.8,14569.8,14705.8,14954.8,15093.8,15161.6,15291.6
Prod,9548.2,,8022.8,8222.6,8305.2,8520.2,8650.8,8802.2,8949.8,9174.2,9289.8,9338,9491.4,9548.2,,8238.2,8434.4,8682.6,8767.6,8832.6,8971.8,9047,9115.2,9254,9378.4,9436.2,9531
RealDiv,12828,,8871.8,9646,10170.6,10631.6,10780,11198,11661.8,11968.8,12094.4,12254.8,12672.4,12828,,10182.8,10834,11218.4,11306,11318,11503.4,11526,11663.2,11844.2,12006.6,12070.4,12116.6
Reciprocal,6631,,6626.2,6630.4,6630.4,6630.4,6630.4,6630.4,6630.4,6630.4,6630.4,6630.4,6630.4,6630.4,,6631,6631,6631,6631,6631,6631,6631,6631,6631,6631,6631,6631
Rint,5759.8,,5751.8,5751.8,5751.8,5753.8,5753.8,5753.8,5755.8,5757.8,5757.8,5759.8,5759.8,5759.8,,5752.2,5752.2,5752.2,5752.2,5752.2,5752.2,5752.2,5752.2,5752.2,5752.2,5752.2,5752.2
Round,6547.8,,6546.2,6546.2,6546.2,6546.2,6546.2,6546.2,6546.2,6546.2,6546.2,6546.8,6546.8,6546.8,,6538.2,6543.8,6545.8,6545.8,6545.8,6547.8,6547.8,6547.8,6547.8,6547.8,6547.8,6547.8
Rsqrt,6671.6,,6653.4,6663.4,6663.4,6663.4,6663.4,6663.4,6663.4,6663.4,6663.4,6663.4,6663.4,6663.4,,6669.2,6670.4,6671.6,6671.6,6671.6,6671.6,6671.6,6671.6,6671.6,6671.6,6671.6,6671.6
SegmentMax,9181.2,,7449.2,7629.8,7798.4,7988.2,8295.2,8446.2,8710.4,8893.4,8918.8,9062.2,9157.6,9181.2,,7342.4,7522.4,7572.8,7651,7727.2,7822,7864.8,7914.4,7958,8016.8,8062,8119.8
SegmentMean,9031,,7728.6,7915.2,7985.2,8176.4,8395.8,8508.4,8622.4,8691.8,8809.4,8904.2,8989.2,9031,,7357.8,7497.4,7646.6,7766,7929.4,7964.6,8015.2,8053,8147.4,8195.4,8248.8,8335
SelectV2,31509.2,,24588,26120.4,27589.6,28246.8,28538,29025.6,29289.8,29475,29753.8,30051.8,30263.8,30456.4,,27565.8,28611.8,29445.4,29930,30170,30537.8,30694.8,30906.6,31127,31219.2,31360.6,31509.2
Sigmoid,6760.8,,6760.2,6760.8,6760.8,6760.8,6760.8,6760.8,6760.8,6760.8,6760.8,6760.8,6760.8,6760.8,,6754.6,6757,6757,6757,6757,6757,6757,6757,6757,6757,6757,6757
Sign,7384.4,,7370.2,7382,7382,7382,7382,7382,7382,7382,7382,7382,7382,7382,,7379.6,7384.4,7384.4,7384.4,7384.4,7384.4,7384.4,7384.4,7384.4,7384.4,7384.4,7384.4
Sin,6571.8,,6569.4,6569.4,6569.8,6569.8,6569.8,6569.8,6571.8,6571.8,6571.8,6571.8,6571.8,6571.8,,6569.8,6571,6571,6571,6571,6571,6571,6571,6571,6571,6571,6571
Sinh,6523,,6520.6,6521,6521,6521,6521,6521,6521,6521,6523,6523,6523,6523,,6516.6,6516.6,6516.6,6516.6,6516.6,6516.6,6516.6,6516.6,6516.6,6516.6,6516.6,6516.6
SparseMatMul,10196.6,,9455.6,9719.8,9865.8,9978.4,10051.6,10071.8,10076.2,10090.6,10114.2,10133.6,10175.2,10196.6,,9314,9397.6,9462.6,9479.2,9541.6,9559.6,9577.8,9629.6,9650,9653,9655.4,9668.6
Sqrt,6696.4,,6695.6,6695.6,6695.6,6695.6,6695.6,6695.6,6695.6,6695.6,6695.6,6695.6,6695.6,6695.6,,6694,6695.2,6696.4,6696.4,6696.4,6696.4,6696.4,6696.4,6696.4,6696.4,6696.4,6696.4
Square,8060.8,,8031.4,8047.4,8059.6,8060.8,8060.8,8060.8,8060.8,8060.8,8060.8,8060.8,8060.8,8060.8,,8037.2,8047.6,8055,8055,8055,8055,8055,8055,8055,8055,8055,8055
Sum,9574.6,,7882.4,8001.8,8086.2,8180.6,8306.2,8420.2,8577.6,8653.4,8797.2,9032.2,9488.2,9574.6,,7868.4,8013.8,8060.2,8173.6,8444,8572,8663.4,8770,8853.6,8975.4,9038.6,9049.6
Tan,6523,,6520.2,6521,6521,6521,6521,6521,6521,6521,6521,6523,6523,6523,,6518.2,6518.2,6518.2,6518.2,6518.2,6518.2,6518.2,6518.2,6518.2,6518.2,6518.2,6518.2
Tanh,6587.4,,6583.6,6583.6,6584,6584,6584,6584,6584,6584,6584,6584,6584,6584,,6586.2,6587.4,6587.4,6587.4,6587.4,6587.4,6587.4,6587.4,6587.4,6587.4,6587.4,6587.4
TruncateDiv,19471.2,,11614.6,14106.2,15189.2,16395.2,17421.4,17810,18300.8,18774.4,19081.8,19164.2,19249.4,19471.2,,12854.6,14121.8,14661.4,15254,15805.4,16283.6,16680,16939.2,17139.6,17147,17214.4,17487.8
TruncateMod,11961.8,,9133.6,10049.4,10362.2,10728.4,10997.8,11309.6,11385.8,11461.4,11610,11729.2,11951.2,11961.8,,8986,9203.2,9343.2,9785.2,9922,10051.6,10277,10282.8,10292.4,10374.2,10379.6,10466.6
Xdivy,13930,,9618,10934.2,11741.8,12229.8,12514.6,12734.8,12937.2,13248.2,13537.4,13773,13814.8,13930,,9968.4,10373.4,10807.4,10933.6,11316,11437,11549.8,11627.6,11674.2,11681.6,11734.6,11807.8
Xlog1py,14323,,9620.8,10777.2,11640.6,12183.6,12452.2,12749.2,13174.8,13661.6,13823.8,14011,14154.8,14323,,10352.2,10887.6,11026.4,11289.6,11609,11745.8,11816.4,11875.2,11996.6,12009.6,12095,12131
Xlogy,13860.2,,10202,10863.6,11528.4,12100.4,12373.6,12585.6,12722.4,12828,13039,13221.2,13488.4,13860.2,,10065.6,10415.8,10787.4,10968.8,11122.2,11428.8,11515.2,11628,11650.2,11659.2,11738.2,11823.8
BiasAdd,16179.4,,13984.4,15295.4,15825,16005,16056.6,16088.2,16100.4,16136.2,16138.6,16144.4,16177.8,16179.4,,12434.4,12905.8,13144,13441.8,13702.4,13952.6,14063,14210,14312.2,14458.2,14537.6,14590.4
Elu,6449.8,,6445.8,6445.8,6445.8,6447.8,6447.8,6447.8,6449.8,6449.8,6449.8,6449.8,6449.8,6449.8,,6436.2,6438.6,6438.6,6438.6,6438.6,6438.6,6438.6,6438.6,6438.6,6438.6,6438.6,6438.6
LogSoftmax,9988.8,,9737.2,9843,9879.4,9904.4,9941,9965.6,9965.6,9966.4,9966.8,9985,9988.8,9988.8,,9645,9650.2,9653.4,9653.4,9653.4,9653.4,9653.4,9653.4,9653.4,9653.4,9653.4,9653.4
NthElement,8525.4,,7945,8024,8126.8,8181.2,8247,8313.6,8382,8411.6,8449.6,8500.2,8509.4,8525.4,,8074,8192.6,8206.4,8228.4,8229,8269.6,8337.8,8391.8,8408.4,8414.2,8414.2,8416.6
Relu,8144.8,,8133,8144.8,8144.8,8144.8,8144.8,8144.8,8144.8,8144.8,8144.8,8144.8,8144.8,8144.8,,8122,8134.8,8136.2,8138.6,8138.6,8138.6,8138.6,8138.6,8138.6,8138.6,8138.6,8138.6
Relu6,8595.4,,8575.2,8595.4,8595.4,8595.4,8595.4,8595.4,8595.4,8595.4,8595.4,8595.4,8595.4,8595.4,,8581.2,8589,8591.8,8591.8,8591.8,8591.8,8591.8,8591.8,8591.8,8591.8,8591.8,8591.8
Softmax,10053.4,,9941.6,9948.2,9961,9997.4,10010,10028.2,10040.4,10043.8,10053,10053.2,10053.4,10053.4,,9676.2,9683.6,9683.6,9683.6,9683.6,9683.6,9683.6,9683.6,9683.6,9683.6,9683.6,9683.6
Softplus,6561.4,,6561.4,6561.4,6561.4,6561.4,6561.4,6561.4,6561.4,6561.4,6561.4,6561.4,6561.4,6561.4,,6556.4,6560.8,6560.8,6560.8,6560.8,6560.8,6560.8,6560.8,6560.8,6560.8,6560.8,6560.8
Softsign,6328.6,,6326.6,6328.6,6328.6,6328.6,6328.6,6328.6,6328.6,6328.6,6328.6,6328.6,6328.6,6328.6,,6310.2,6317.2,6317.2,6317.2,6317.2,6317.2,6317.2,6317.2,6317.2,6317.2,6317.2,6317.2
SerializeTensor,7400.4,,7392.2,7398,7400,7400.2,7400.4,7400.4,7400.4,7400.4,7400.4,7400.4,7400.4,7400.4,,7388.6,7393.8,7396.2,7396.2,7396.2,7396.2,7397.4,7397.4,7397.4,7397.4,7397.4,7397.4
Multinomial,7181.4,,6257.4,6370.8,6489.2,6533.4,6558.6,6654.8,6694.8,6745.4,6768.4,6945,7063,7181.4,,5606.6,6237.4,6318.2,6352,6419.6,6469.8,6554.4,6554.8,6627.8,6701.2,6701.2,6701.2
RandomUniformInt,5709,,4627.4,4627.4,4682.6,4682.6,4684.6,4684.6,4763.4,4763.4,4766.8,4769,5700,5700,,5579.8,5594.6,5594.6,5594.8,5594.8,5594.8,5594.8,5617,5665.6,5665.6,5709,5709
AsString,7280.4,,6645.6,6695.8,6702.4,6702.4,6742.2,6742.2,6768.8,6771.6,6850.2,6850.2,6850.2,6925,,6578.6,6649.8,6720.2,6796.2,6911.8,6931.4,6990,7029.4,7091.8,7167.2,7231.6,7280.4
RegexReplace,5779.6,,5778,5778,5778.2,5778.2,5778.2,5778.2,5778.2,5778.2,5778.2,5778.2,5778.2,5778.2,,5775.4,5777,5777.2,5777.2,5778.4,5779,5779,5779.6,5779.6,5779.6,5779.6,5779.6
StringLength,5343.2,,5343.2,5343.2,5343.2,5343.2,5343.2,5343.2,5343.2,5343.2,5343.2,5343.2,5343.2,5343.2,,5339,5339.2,5339.2,5339.2,5339.2,5339.2,5339.2,5339.2,5339.2,5339.2,5339.2,5339.2
StringLower,5530.8,,5529.6,5529.6,5529.6,5529.6,5529.6,5529.6,5529.6,5529.6,5529.6,5529.6,5529.6,5529.6,,5530.8,5530.8,5530.8,5530.8,5530.8,5530.8,5530.8,5530.8,5530.8,5530.8,5530.8,5530.8
StringUpper,5534,,5534,5534,5534,5534,5534,5534,5534,5534,5534,5534,5534,5534,,5532.2,5532.4,5532.4,5532.4,5532.4,5532.4,5532.4,5532.4,5533.2,5533.2,5533.2,5533.2
UnicodeScript,5459.6,,5457.6,5457.6,5457.6,5457.6,5457.6,5457.6,5457.6,5457.6,5459.6,5459.6,5459.6,5459.6,,5454,5454.6,5454.6,5454.6,5454.6,5454.6,5454.6,5454.6,5454.6,5454.6,5454.6,5454.8
,,,,,,,,,,,,,,,,,,,,,,,,,,,
,,,,,,,,,,,,,,,,,,,,,,,,,,,
Relative Branch Coverage,,,,,,,,,,,,,,,,,,,,,,,,,,,
,,,LPF,,,,,,,,,,,,,LPF-NDP,,,,,,,,,,,
API,,,300,600,900,1200,1500,1800,2100,2400,2700,3000,3300,3600,,300,600,900,1200,1500,1800,2100,2400,2700,3000,3300,3600
BroadcastTo,,,81.52884861,84.61650893,87.85033069,90.65114919,92.46172397,93.85756568,94.70347499,95.71016187,95.88372858,97.50246647,98.49088318,100,,78.3808967,80.87294917,83.56231958,84.87411846,85.68531443,86.74681185,87.576278,88.89903899,89.33569628,90.42825301,91.22483283,91.60485256
DepthToSpace,,,13.67740731,25.45323036,58.48246576,78.92158006,84.24834924,97.64343545,99.96500152,99.96733475,100,100,100,100,,48.35857113,50.76880002,60.92769313,68.91901351,69.81730792,70.87892858,71.35257472,72.10854196,72.76884668,72.84584335,72.84584335,72.84584335
Diag,,,99.92933903,99.92933903,99.92933903,99.95289268,99.95289268,99.95289268,99.95289268,99.95289268,99.95289268,99.95289268,99.95289268,99.95289268,,100,100,100,100,100,100,100,100,100,100,100,100
DiagPart,,,99.90918723,99.90918723,99.90918723,99.93945815,99.96972908,99.96972908,99.96972908,99.96972908,99.96972908,100,100,100,,99.78507643,99.81534736,99.82140154,99.85167247,99.85167247,99.88194339,99.88194339,99.91221432,99.91221432,99.91221432,99.91221432,99.91221432
EnsureShape,,,99.45422741,99.81107872,99.9696793,99.97667638,99.99533528,99.99766764,99.99766764,100,100,100,100,100,,99.39125364,99.39125364,99.40524781,99.40524781,99.40524781,99.40524781,99.40524781,99.40524781,99.40524781,99.40524781,99.40524781,99.40524781
ExpandDims,,,99.62815346,99.75729777,99.82186992,99.82409655,99.84636281,99.87530894,99.8886687,99.8886687,99.94433435,99.94433435,99.94656098,99.94656098,,99.54131505,99.67936586,99.73057825,99.73948476,99.82632317,99.84190955,99.87753557,99.91984146,99.94210772,99.99554675,99.99554675,100
Gather,,,97.36934804,97.90195996,98.29085119,98.71778614,98.8445985,98.98831917,99.05172535,99.48006932,99.52234011,99.63083513,99.7421482,100,,97.17631145,97.66383452,98.16826591,98.29226022,98.51065928,98.60365501,98.69242367,98.84178045,98.87277902,98.95168449,99.03481704,99.04045314
GatherNd,,,87.56600296,89.88274934,90.87095644,92.19836505,93.00340332,93.69650509,93.88984996,95.36085388,95.8640028,96.35132232,96.79341497,97.34857479,,87.63610461,89.63287089,91.23729408,92.36570447,93.5201203,94.64740002,95.60734032,96.65434234,97.70247504,98.1920559,98.9281232,100
Identity,,,99.49242157,99.9107038,99.9154036,99.9741511,99.9741511,99.9741511,99.9741511,99.9741511,99.9741511,99.9741511,99.9741511,99.9741511,,99.9342028,99.9859006,99.9859006,99.9859006,99.9859006,99.9859006,100,100,100,100,100,100
MatrixBandPart,,,95.21590937,96.64549668,97.39829823,97.80780265,98.04565852,98.22466345,98.8131728,99.02405532,99.37961306,99.41639489,99.75969201,100,,96.00549275,96.77791128,97.24871877,97.31983031,97.78082931,98.11186582,98.38159927,98.83033766,99.09271474,99.16382629,99.52919252,99.5929477
MatrixDiag,,,99.69655556,99.92819254,100,100,100,100,100,100,100,100,100,100,,99.88418151,99.88418151,99.92819254,99.92819254,99.92819254,99.92819254,99.92819254,99.92819254,99.92819254,99.92819254,99.92819254,99.92819254
MatrixDiagPart,,,99.7116212,99.87674132,99.96976674,99.96976674,99.96976674,99.96976674,99.96976674,99.96976674,99.96976674,99.96976674,99.96976674,99.96976674,,99.93488221,99.97209237,100,100,100,100,100,100,100,100,100,100
MatrixDiagPartV2,,,80.25235122,82.95463378,85.88491334,87.73479804,87.76329767,87.76329767,93.62644765,95.87791797,95.91159935,95.99450735,98.67606291,100,,84.73456486,88.34365365,90.5199886,90.5407156,91.6055652,92.41391818,92.41650906,92.4424178,93.52540353,94.49957251,96.49195533,96.51527321
MatrixDiagPartV3,,,69.94275537,72.96018318,74.74367129,84.2462791,84.95611245,85.49293983,86.35542552,87.94809821,89.78247042,90.82559471,91.3700547,92.45134207,,84.9764661,87.82852054,88.33736166,89.92494594,91.15634143,93.04668617,93.82775728,94.71059662,94.84798372,96.37196285,97.81961582,100
MatrixDiagV2,,,54.56881048,63.20116468,71.91059347,72.54431789,81.45927892,81.46784277,81.46784277,81.46784277,81.74188576,81.74188576,81.7504496,99.17787103,,98.90382804,99.4090948,99.41765865,99.72595701,99.72595701,99.98287231,100,100,100,100,100,100
MatrixDiagV3,,,81.11947239,89.92982159,90.54705335,90.54705335,99.57723852,99.57723852,99.94081339,99.94081339,99.94926862,99.94926862,99.94926862,100,,64.05681914,72.85871311,81.28857698,90.19193371,90.20038894,90.61469519,90.63160565,91.00363575,91.00363575,91.00363575,91.00363575,91.00363575
MatrixSetDiagV2,,,79.27432786,80.87318582,87.39709731,89.2219843,92.85748275,94.62526767,95.40328337,95.95051154,97.28289317,98.15369974,98.58910302,100,,78.91268142,81.08018082,82.32215084,82.83606947,84.87270997,85.23673567,86.26695218,86.80942184,87.63264335,88.18938853,88.18938853,89.62645729
MatrixSetDiagV3,,,86.57116147,89.46663635,93.17062078,95.42686778,95.82354279,97.22832815,97.97114631,98.86808661,98.8706132,99.44414968,99.46688901,100,,81.63672655,82.19257687,82.19257687,82.97329392,83.91065969,83.91065969,83.91065969,83.93339902,83.93339902,84.6383183,85.4013492,87.0284747
OnesLike,,,99.71084337,99.90040161,99.92610442,99.95502008,99.95502008,99.95502008,99.95502008,99.95502008,99.95502008,99.95502008,99.95502008,99.95502008,,99.98072289,100,100,100,100,100,100,100,100,100,100,100
Pad,,,37.10809842,37.10809842,61.32745788,63.99881929,68.69004196,72.72554766,74.6273377,76.44689958,79.27639208,92.16091421,93.79071876,100,,12.98361762,12.98361762,42.75021611,42.75021611,44.40110481,44.40110481,44.40743005,45.28453056,45.28453056,46.13843851,55.92359105,57.21394084
PadV2,,,69.77800674,69.77800674,70.54608468,70.54608468,70.54608468,70.54608468,90.82989884,90.82989884,90.82989884,97.40539528,100,100,,28.64368677,49.50824279,49.50824279,49.50824279,49.50824279,49.50824279,49.50824279,49.50824279,49.50824279,71.39846384,71.39846384,71.39846384
Where,,,98.79546177,99.5461775,99.78157141,99.90244937,99.94910402,99.94910402,99.95122468,99.95122468,99.96394868,99.96394868,99.96394868,99.96394868,,99.86427738,99.97031068,99.99151734,99.993638,100,100,100,100,100,100,100,100
ZerosLike,,,99.91396528,99.98770933,99.98770933,99.98770933,99.98770933,99.98770933,99.98770933,99.98770933,99.98770933,99.98770933,99.98770933,99.98770933,,100,100,100,100,100,100,100,100,100,100,100,100
AdjustHue,,,99.25480503,99.95204191,99.95204191,99.95204191,99.95204191,99.95204191,99.95204191,99.95204191,99.95204191,99.95204191,99.95204191,99.95204191,,97.86770945,97.92304571,97.99682739,98.63134984,99.25849412,99.25849412,99.31014129,99.93359649,99.97048733,100,100,100
AdjustSaturation,,,99.962781,99.962781,99.962781,99.962781,99.962781,99.962781,100,100,100,100,100,100,,98.41447075,98.9057615,98.9094834,98.9094834,99.37844276,99.37844276,99.84740211,99.84740211,99.88462111,99.88462111,99.88462111,99.88462111
EncodePng,,,99.76263707,99.83952929,99.92645092,99.92645092,99.92645092,99.92645092,99.92645092,99.92645092,99.92645092,99.92645092,99.92645092,99.97325488,,98.398636,99.10738165,99.88967638,99.91976464,99.91976464,99.91976464,99.91976464,99.98997058,99.99665686,99.99665686,100,100
ExtractGlimpse,,,59.50832217,59.50832217,59.50832217,59.50832217,59.50832217,59.50832217,99.93303998,99.9426057,99.9426057,99.98086857,100,100,,59.74746509,59.74746509,59.74746509,59.74746509,59.74746509,59.74746509,59.74746509,59.74746509,59.74746509,59.74746509,59.74746509,59.74746509
HSVToRGB,,,99.63947388,99.84335762,99.95524503,99.98508168,99.98508168,99.98508168,99.98508168,99.98508168,99.98508168,99.99005445,99.99005445,99.99005445,,99.76130685,99.91049007,99.94032671,99.94032671,99.97016336,99.97016336,99.97016336,99.97016336,99.97016336,99.97016336,99.97016336,100
RGBToHSV,,,99.50526255,99.62369391,99.84718535,99.90640102,99.99235927,99.99235927,99.99808982,99.99808982,100,100,100,100,,99.31997479,99.49762182,99.614143,99.67144849,99.67144849,99.67144849,99.67144849,99.67144849,99.67144849,99.67144849,99.67144849,99.67144849
ResizeBicubic,,,62.59610858,62.59610858,62.59610858,62.60787698,62.60787698,62.60787698,62.60787698,62.60787698,63.623882,67.18578378,70.08080967,70.4495528,,62.56080339,62.56080339,62.56080339,98.78785501,98.78785501,98.78785501,99.39196611,99.39196611,99.39196611,99.39196611,100,100
ResizeBilinear,,,75.8226691,76.62096283,90.92321755,91.27666057,91.63619744,93.02559415,95.59719683,96.30408288,96.39853748,97.15417428,99.63436929,100,,75.18281536,75.71602681,75.71602681,75.71602681,77.2912858,77.68738574,77.68738574,77.68738574,77.68738574,77.68738574,78.57708714,78.57708714
ResizeNearestNeighbor,,,64.76547231,79.41042345,80.01954397,80.01954397,80.01954397,80.01954397,80.01954397,80.01954397,80.01954397,81.03908795,82.2019544,83.35179153,,51.36482085,81.03583062,81.03583062,81.77850163,82.74918567,82.74918567,83.32247557,83.32247557,83.32247557,83.32247557,99.02605863,100
MatchingFiles,,,99.97780408,99.99260136,99.99260136,100,100,100,100,100,100,100,100,100,,99.96300681,99.96300681,99.96300681,99.96300681,99.96300681,99.96300681,99.96300681,99.96300681,99.96300681,99.96300681,99.96300681,99.96300681
Abs,,,99.9064683,99.99707713,100,100,100,100,100,100,100,100,100,100,,99.73109637,99.95031129,99.96784848,99.98538567,99.98538567,99.98538567,99.98538567,99.98538567,99.98538567,99.98538567,99.98538567,99.98538567
Add,,,59.28279064,69.93809437,74.06377909,80.39077932,86.13130511,89.21844136,90.8485552,93.56609037,94.76245749,96.1797707,97.87301199,100,,66.61881198,74.38959822,79.1944122,80.0843057,83.72838903,84.85857413,85.77697681,86.43370599,87.45698169,88.22265665,88.38760258,88.67065795
AddN,,,90.43622054,93.9820823,95.39079834,96.50646795,97.3353707,97.51747813,98.12868925,98.85293256,99.46623687,99.46833005,99.73207184,100,,90.01130322,92.93548792,95.04332901,97.09884037,97.9884456,98.30242391,98.71059572,98.85083937,98.85083937,98.85083937,98.85083937,98.85083937
AddV2,,,55.43618353,64.43695684,70.99259832,76.49414494,81.76646045,84.80170128,87.95477979,90.01509795,92.04043305,93.70028723,97.20687877,100,,66.6850788,73.25084696,75.0533952,77.43960819,78.60601709,80.34136103,83.42079099,85.10181912,85.95338047,86.57847253,87.67215348,88.09379143
All,,,89.18581028,89.98541439,91.21477314,92.80356306,94.76741157,96.48903475,97.08287753,97.72360265,98.61176225,98.66906287,98.99203,100,,87.12559254,87.59181122,88.05021618,88.79251966,88.79251966,89.02432672,89.21966974,89.68588842,89.71193416,89.83695369,89.83695369,89.83695369
Any,,,90.59698287,92.30686638,93.30273259,93.32957535,93.89864176,94.13217373,94.82740108,96.34401675,98.53975412,98.66859935,99.71278252,100,,90.9674129,91.50963655,93.19536157,93.26515274,93.26515274,93.66779406,93.66779406,94.1455951,94.26370323,94.41133838,94.41133838,94.41133838
Asin,,,99.97559562,99.98169671,99.98169671,99.98169671,99.98169671,99.98169671,99.98169671,99.98169671,99.98169671,99.98169671,99.98169671,99.98169671,,99.98169671,99.98169671,100,100,100,100,100,100,100,100,100,100
Asinh,,,99.97544883,99.97544883,99.97544883,99.97544883,99.97544883,99.97544883,99.97544883,99.97544883,99.97544883,99.97544883,99.97544883,99.97544883,,99.96931103,100,100,100,100,100,100,100,100,100,100,100
Atan,,,99.91512837,99.94543967,99.94543967,99.94543967,99.94543967,99.94543967,99.94543967,99.94543967,99.94543967,99.94543967,99.94543967,99.94543967,,99.95756418,99.97575096,99.97575096,100,100,100,100,100,100,100,100,100
Atanh,,,99.84495653,99.98175959,100,100,100,100,100,100,100,100,100,100,,99.89967775,99.89967775,99.91791816,99.91791816,99.91791816,99.91791816,99.91791816,99.91791816,99.91791816,99.91791816,99.91791816,99.91791816
Ceil,,,99.90204721,99.90204721,99.90204721,99.93469814,99.96734907,99.96734907,99.96734907,99.96734907,100,100,100,100,,99.90531231,99.97714435,99.97714435,99.97714435,99.97714435,99.97714435,99.97714435,99.97714435,99.97714435,99.97714435,99.97714435,99.97714435
ClipByValue,,,85.24464832,88.24753653,91.50526673,93.6990316,96.23046211,96.95888549,97.49405369,98.60686374,99.03584777,99.18025824,99.67082909,100,,87.96296296,89.625807,91.50739042,92.18059803,93.28278967,93.59284743,94.24481821,94.89891267,95.20047571,95.42346245,96.17737003,97.08205912
ComplexAbs,,,100,100,100,100,100,100,100,100,100,100,100,100,,99.946533,99.946533,99.946533,99.946533,99.946533,99.946533,99.946533,99.946533,99.946533,99.946533,99.946533,99.946533
Conj,,,99.98618451,99.98618451,99.98618451,99.98618451,99.98618451,99.98618451,99.98618451,99.98618451,99.98618451,99.98618451,99.98618451,99.98618451,,99.96546126,100,100,100,100,100,100,100,100,100,100,100
Cumsum,,,92.81892327,95.44580859,96.15750922,98.04152453,98.26663665,98.44672635,98.69608132,98.81556391,99.35756463,99.77142461,99.79047256,100,,90.5002684,92.65788152,94.27176228,95.22935462,96.27526018,96.57310083,97.34540858,97.89087257,98.30646418,98.97314239,99.27098305,99.42163501
Div,,,59.37992067,72.84586713,79.05762293,83.36788184,85.451755,87.52366905,89.84772079,93.4783042,95.58908533,96.37639274,98.79910705,100,,68.50770365,75.20579618,79.10246955,81.98461262,86.04572363,88.1385661,88.60297782,89.36038747,89.73211616,90.40979849,91.38645831,91.62065735
DivNoNan,,,67.38588733,72.79444596,78.13530759,84.9856684,88.52463739,91.36215017,92.87308972,95.59105247,96.73469976,97.67381566,99.27693837,100,,73.93377216,77.00462356,79.63472424,80.61561064,85.01447564,85.32271307,85.9550319,86.67089173,86.71410258,86.82357008,86.95320264,87.50630158
Equal,,,58.61201007,65.40896281,67.88757599,71.71671559,75.26069759,78.3681627,80.58586923,82.42225065,84.76539307,86.4378716,88.3503508,90.33976401,,69.68465417,78.75952267,82.3913098,85.45278175,88.58784275,90.5588587,93.14116555,94.00918191,94.9098116,96.61406722,98.00891431,100
Exp,,,99.94560619,99.95164995,99.95164995,99.95164995,99.95164995,99.95164995,99.95164995,99.95164995,99.95164995,99.95164995,99.95164995,99.95164995,,99.95164995,99.98186873,100,100,100,100,100,100,100,100,100,100
Expm1,,,99.98786592,99.99393296,99.99393296,99.99393296,99.99393296,99.99393296,99.99393296,100,100,100,100,100,,99.93326255,99.95146367,99.98179888,99.98179888,99.98179888,99.98179888,99.98179888,99.98179888,99.98179888,99.98179888,99.98179888,99.98179888
Floor,,,99.93469814,99.93469814,99.93469814,99.96734907,99.96734907,100,100,100,100,100,100,100,,99.84980573,99.85307082,99.85307082,99.85307082,99.85307082,99.85307082,99.85307082,99.85307082,99.85307082,99.85307082,99.85307082,99.85307082
FloorMod,,,55.10796679,66.598148,73.99417259,78.91554243,84.61922248,87.66564221,92.13698411,93.28550331,94.8181927,97.09826774,98.5251856,100,,70.01377026,76.15849765,78.16915463,79.56414145,81.58976611,84.53939491,85.21294005,87.85623054,87.86920252,88.85507304,88.90795881,89.59447593
GreaterEqual,,,58.70169388,70.77188356,75.90019272,81.96673091,84.34729689,87.07779694,90.50816513,92.42012374,94.68810224,96.17608277,97.42671671,100,,73.44051121,78.32437367,79.42184806,82.11684755,83.8046455,84.75606045,85.72167563,86.19129729,87.27558576,88.64489299,89.22203063,90.19373162
Inv,,,99.97286787,99.99698532,99.99698532,99.99698532,100,100,100,100,100,100,100,100,,99.68044376,99.75882548,99.83117784,99.83117784,99.83117784,99.83117784,99.83117784,99.83117784,99.83117784,99.83117784,99.83117784,99.83117784
Less,,,58.60753365,67.35063426,74.19192408,78.03331074,82.20296311,84.57054324,88.67144379,91.28207611,93.14224847,94.37978116,97.40389271,100,,69.36670863,72.51186211,74.10574223,77.83480198,80.02227171,81.07485233,82.63677738,83.97308028,84.95690907,85.3674833,86.22446015,87.22668732
LessEqual,,,58.15962659,66.84931242,72.0745272,76.93541685,82.97045777,86.07736835,89.87717315,91.37699437,94.80570937,96.59061259,98.63257279,100,,64.60054697,68.70089583,73.40619836,76.17874158,78.92615893,79.99014293,81.2831589,82.60516627,84.4084307,85.71304323,86.69778409,87.87773365
Lgamma,,,99.85723027,99.86062955,99.86062955,99.86062955,99.86062955,99.86062955,99.89462234,99.89462234,99.89462234,99.89462234,99.89462234,99.89462234,,99.95920865,99.95920865,99.95920865,99.99320144,100,100,100,100,100,100,100,100
Log1p,,,99.74675148,99.97588109,99.97588109,99.97588109,99.97588109,99.97588109,100,100,100,100,100,100,,99.86433115,99.86433115,99.86433115,99.86433115,99.86433115,99.86433115,99.86433115,99.86433115,99.86433115,99.86433115,99.86433115,99.86433115
LogicalAnd,,,93.14802687,95.95430401,96.36420966,98.92066264,99.28448422,99.5100536,99.57796697,99.7768561,99.9151083,99.97574523,99.98544714,100,,81.13706372,83.51888234,83.54313711,83.57709379,83.57709379,83.57709379,83.57709379,83.57709379,83.57709379,83.57709379,83.57709379,83.57709379
LogicalNot,,,99.92780826,99.92780826,99.92780826,99.96390413,99.96390413,99.96390413,99.96390413,100,100,100,100,100,,99.62099336,99.71123303,99.71123303,99.71123303,99.71123303,99.71123303,99.71123303,99.71123303,99.71123303,99.71123303,99.71123303,99.71123303
LogicalOr,,,90.78166066,93.47561569,95.05013141,96.59301081,96.75119245,97.85116324,98.25270126,99.33320354,99.56195853,99.67633603,99.70553879,100,,81.56332133,82.76793536,82.78740387,82.78740387,82.78740387,82.78740387,82.78740387,82.78740387,82.78740387,82.78740387,82.78740387,82.78740387
MatMul,,,60.91979531,64.30865229,68.80972273,74.279411,80.04281761,83.15101039,87.30092423,94.96501488,97.81865177,98.93086523,99.59532139,100,,60.04777818,61.38060676,62.05028458,63.28129079,65.46786069,65.51616104,66.26155292,66.48086262,67.17795415,67.17925957,67.37768263,68.06694167
Max,,,85.19112927,87.31918796,88.95535454,92.06719747,93.58872817,94.95602151,96.18783609,97.28417191,97.68018675,98.24711326,98.30547334,100,,77.960732,79.7761474,81.11634499,84.23027221,85.72679145,86.30205511,86.60844554,87.36504231,87.55679687,89.59731544,90.04960607,90.9791988
Mean,,,80.71308309,83.69416658,85.58581757,87.01792612,88.64415173,89.74348816,91.75398633,92.47697336,94.66376151,96.05229276,98.36783203,100,,80.36842627,84.52213529,86.87927107,88.72536397,89.36317718,90.16935723,90.99336437,93.28909577,93.97444786,94.79053184,95.44419134,96.56333564
Min,,,89.39686966,91.05424125,93.28955654,94.77601871,95.077359,96.00161914,96.14329405,96.14329405,97.35540164,98.27516416,99.05325178,100,,82.68642619,84.40001799,86.82873077,88.65251417,89.71844922,90.68543672,90.82711163,92.49572726,92.86228299,94.50166412,95.27750292,95.9903751
Minimum,,,57.97260602,67.59843463,72.98139126,77.92308921,83.12734606,85.7499401,89.39381839,92.1991055,95.43367143,96.54280808,98.57439502,100,,68.95415702,75.06089769,78.94936507,81.99325134,84.08573596,85.56325373,85.96258286,87.02479834,87.38718952,87.77953039,88.52028592,88.90563853
Mod,,,71.12610081,79.45049142,83.75151174,88.59250175,90.92101453,93.22738345,93.93428382,95.25950909,97.1672884,98.77868057,99.05122047,100,,76.45766263,77.29401945,80.81148756,81.50135418,82.64091165,84.40560751,86.23162485,86.93682184,88.03379495,88.1036333,88.12577716,88.89229564
MulNoNan,,,69.24326734,75.94789285,81.60577435,84.60797423,86.18096594,88.17668119,91.50958317,92.25150613,95.5959108,97.69371235,99.55714676,100,,72.03122978,73.45324879,76.31310299,79.11113028,79.24916246,79.78403715,80.79771097,82.57918877,82.63957785,82.74741549,82.74885333,82.74885333
NotEqual,,,62.76921764,66.73780358,71.10247983,72.75769346,75.8751974,78.84160656,81.44521747,83.96004951,85.54355713,85.95928123,87.42925434,87.82790559,,75.53800845,80.80925349,85.06893167,87.74510222,89.47116821,91.6010073,93.43292501,95.41849844,96.72115754,97.80186948,99.23342866,100
Pow,,,58.89991673,71.7079648,77.95782414,81.26617604,83.3704679,85.28120991,89.6900952,93.35966511,94.37130061,96.43958319,98.97598632,100,,71.78110864,75.10859046,77.51783584,78.98521369,79.19676817,80.77217383,81.97623388,82.74143092,84.14241667,84.92449306,85.30596629,86.03740463
Prod,,,84.02421399,86.11675499,86.98183951,89.23357282,90.60136989,92.18700907,93.73285017,96.08303136,97.29373076,97.79853794,99.40512348,100,,86.28013657,88.33497413,90.93441696,91.8246371,92.50539369,93.96326009,94.75084309,95.46511384,96.91879098,98.22165434,98.82700404,99.81986134
RealDiv,,,69.15965076,75.19488619,79.28437792,82.8780792,84.0349236,87.29342064,90.90894917,93.30215154,94.28125974,95.53164952,98.78702838,100,,79.37948238,84.45587777,87.45244777,88.13532897,88.22887434,89.6741503,89.85032741,90.9198628,92.33083879,93.59681946,94.09416901,94.45431868
Reciprocal,,,99.92761273,99.99095159,99.99095159,99.99095159,99.99095159,99.99095159,99.99095159,99.99095159,99.99095159,99.99095159,99.99095159,99.99095159,,100,100,100,100,100,100,100,100,100,100,100,100
Rint,,,99.86110629,99.86110629,99.86110629,99.89582972,99.89582972,99.89582972,99.93055314,99.96527657,99.96527657,100,100,100,,99.86805097,99.86805097,99.86805097,99.86805097,99.86805097,99.86805097,99.86805097,99.86805097,99.86805097,99.86805097,99.86805097,99.86805097
Round,,,99.97556431,99.97556431,99.97556431,99.97556431,99.97556431,99.97556431,99.97556431,99.97556431,99.97556431,99.98472769,99.98472769,99.98472769,,99.85338587,99.93891078,99.96945539,99.96945539,99.96945539,100,100,100,100,100,100,100
Rsqrt,,,99.72720187,99.87709095,99.87709095,99.87709095,99.87709095,99.87709095,99.87709095,99.87709095,99.87709095,99.87709095,99.87709095,99.87709095,,99.96402662,99.98201331,100,100,100,100,100,100,100,100,100,100
SegmentMax,,,81.13536357,83.1024267,84.93878796,87.00605585,90.34984534,91.99451052,94.87213,96.86533351,97.1419858,98.70387313,99.74295299,100,,79.97211693,81.93264497,82.48159282,83.33333333,84.1632902,85.19583497,85.66200497,86.20223936,86.67712282,87.31756197,87.80987235,88.43941968
SegmentMean,,,85.57856273,87.64477909,88.41988706,90.53703909,92.9664489,94.21326542,95.4755841,96.24404828,97.54622965,98.59594729,99.53714982,100,,81.47270513,83.01849186,84.67057912,85.99269184,87.80201528,88.19178386,88.75207618,89.17063448,90.21592293,90.74742553,91.33872218,92.29321227
SelectV2,,,78.03435187,82.89769337,87.56045853,89.64619857,90.5703731,92.11785764,92.95634291,93.54410775,94.42892869,95.37468422,96.04750359,96.65875363,,87.48492504,90.80459041,93.45016694,94.98813045,95.74981275,96.91709088,97.41535805,98.08754269,98.78702093,99.07963388,99.52839171,100
Sigmoid,,,99.99112531,100,100,100,100,100,100,100,100,100,100,100,,99.90829488,99.94379363,99.94379363,99.94379363,99.94379363,99.94379363,99.94379363,99.94379363,99.94379363,99.94379363,99.94379363,99.94379363
Sign,,,99.80770272,99.96749905,99.96749905,99.96749905,99.96749905,99.96749905,99.96749905,99.96749905,99.96749905,99.96749905,99.96749905,99.96749905,,99.9349981,100,100,100,100,100,100,100,100,100,100,100
Sin,,,99.96348033,99.96348033,99.96956694,99.96956694,99.96956694,99.96956694,100,100,100,100,100,100,,99.96956694,99.98782678,99.98782678,99.98782678,99.98782678,99.98782678,99.98782678,99.98782678,99.98782678,99.98782678,99.98782678,99.98782678
Sinh,,,99.96320711,99.96933926,99.96933926,99.96933926,99.96933926,99.96933926,99.96933926,99.96933926,100,100,100,100,,99.90188564,99.90188564,99.90188564,99.90188564,99.90188564,99.90188564,99.90188564,99.90188564,99.90188564,99.90188564,99.90188564,99.90188564
SparseMatMul,,,92.73287174,95.32393151,96.75578134,97.860071,98.57795736,98.77606261,98.81921425,98.96043779,99.19188749,99.38214699,99.79012612,100,,91.34417355,92.16405468,92.80152208,92.96432144,93.57629014,93.75281957,93.93131044,94.43932291,94.6393896,94.66881117,94.69234843,94.82180335
Sqrt,,,99.98805328,99.98805328,99.98805328,99.98805328,99.98805328,99.98805328,99.98805328,99.98805328,99.98805328,99.98805328,99.98805328,99.98805328,,99.96415985,99.98207992,100,100,100,100,100,100,100,100,100,100
Square,,,99.63527193,99.8337634,99.98511314,100,100,100,100,100,100,100,100,100,,99.70722509,99.83624454,99.92804684,99.92804684,99.92804684,99.92804684,99.92804684,99.92804684,99.92804684,99.92804684,99.92804684,99.92804684
Sum,,,82.32615462,83.5732041,84.45470307,85.44064504,86.75244919,87.94309945,89.58703236,90.37871034,91.88060076,94.33501138,99.09761243,100,,82.17993441,83.69853571,84.18315125,85.36753494,88.1916738,89.52854427,90.48315334,91.59651578,92.46965931,93.74177511,94.40185491,94.51674221
Tan,,,99.95707497,99.96933926,99.96933926,99.96933926,99.96933926,99.96933926,99.96933926,99.96933926,99.96933926,100,100,100,,99.92641423,99.92641423,99.92641423,99.92641423,99.92641423,99.92641423,99.92641423,99.92641423,99.92641423,99.92641423,99.92641423,99.92641423
Tanh,,,99.94231411,99.94231411,99.94838631,99.94838631,99.94838631,99.94838631,99.94838631,99.94838631,99.94838631,99.94838631,99.94838631,99.94838631,,99.9817834,100,100,100,100,100,100,100,100,100,100,100
TruncateDiv,,,59.65014997,72.44648507,78.00854596,84.20230905,89.47265705,91.46842516,93.98907104,96.42138132,98.00012326,98.42331238,98.86088171,100,,66.01852993,72.52660339,75.29787584,78.34134517,81.17321994,83.62915485,85.66498213,86.99617897,88.02539135,88.0633962,88.40954846,89.81367353
TruncateMod,,,76.35640121,84.0124396,86.62743065,89.68884282,91.94101222,94.54764333,95.1846712,95.81668311,97.05897106,98.0554766,99.91138457,100,,75.12247321,76.93825344,78.10864586,81.80374191,82.9473825,84.03083148,85.91516327,85.96365096,86.04390644,86.72775,86.77289371,87.500209
Xdivy,,,69.04522613,78.49389806,84.29145729,87.79468772,89.83919598,91.41995693,92.87293611,95.10552764,97.1816224,98.87293611,99.1730079,100,,71.56066045,74.46805456,77.58363245,78.48959081,81.23474515,82.10337401,82.91313711,83.47164393,83.80617373,83.85929648,84.23977028,84.76525485
Xlog1py,,,67.17028555,75.24401313,81.27207987,85.06318509,86.93849054,89.01207848,91.983523,95.38225232,96.51469664,97.8216854,98.82566501,100,,72.27675766,76.01480137,76.98387209,78.82147595,81.0514557,82.00656287,82.49947637,82.91000489,83.75759268,83.84835579,84.4445996,84.69594359
Xlogy,,,73.60644147,78.37982136,83.17628894,87.30321352,89.27432505,90.8038845,91.79088325,92.55277702,94.07512157,95.38967692,97.31749903,100,,72.62232868,75.14898775,77.83004574,79.13882917,80.2455953,82.45768459,83.08105222,83.89489329,84.05506414,84.11999827,84.68997561,85.30757132
BiasAdd,,,86.43336589,94.53626216,97.80956031,98.92208611,99.24101017,99.43632026,99.51172479,99.73299381,99.74782748,99.78367554,99.99011088,100,,76.85328257,79.76686404,81.23910652,83.07971865,84.69040879,86.23681966,86.91916882,87.82773156,88.45939899,89.36178103,89.85252852,90.17886943
Elu,,,99.93798257,99.93798257,99.93798257,99.96899129,99.96899129,99.96899129,100,100,100,100,100,100,,99.78914075,99.8263512,99.8263512,99.8263512,99.8263512,99.8263512,99.8263512,99.8263512,99.8263512,99.8263512,99.8263512,99.8263512
LogSoftmax,,,97.48117892,98.54036521,98.90477335,99.15505366,99.52146404,99.76773987,99.76773987,99.77574884,99.77975332,99.96195739,100,100,,96.55814512,96.61020343,96.64223931,96.64223931,96.64223931,96.64223931,96.64223931,96.64223931,96.64223931,96.64223931,96.64223931,96.64223931
NthElement,,,93.19210829,94.11875103,95.32455955,95.96265278,96.73446407,97.51565909,98.31796749,98.66516527,99.11089216,99.7044127,99.81232552,100,,94.70523377,96.09637084,96.25824008,96.51629249,96.52333028,96.99955427,97.79951674,98.4329181,98.62763038,98.69566237,98.69566237,98.72381355
Relu,,,99.85512229,100,100,100,100,100,100,100,100,100,100,100,,99.72006679,99.87722228,99.89441116,99.92387781,99.92387781,99.92387781,99.92387781,99.92387781,99.92387781,99.92387781,99.92387781,99.92387781
Relu6,,,99.76499058,100,100,100,100,100,100,100,100,100,100,100,,99.83479536,99.92554157,99.95811713,99.95811713,99.95811713,99.95811713,99.95811713,99.95811713,99.95811713,99.95811713,99.95811713,99.95811713
Softmax,,,98.88793841,98.95358784,99.08090795,99.44297452,99.56830525,99.74933853,99.87069051,99.90450992,99.99602125,99.99801062,100,100,,96.24803549,96.32164243,96.32164243,96.32164243,96.32164243,96.32164243,96.32164243,96.32164243,96.32164243,96.32164243,96.32164243,96.32164243
Softplus,,,100,100,100,100,100,100,100,100,100,100,100,100,,99.92379675,99.99085561,99.99085561,99.99085561,99.99085561,99.99085561,99.99085561,99.99085561,99.99085561,99.99085561,99.99085561,99.99085561
Softsign,,,99.96839743,100,100,100,100,100,100,100,100,100,100,100,,99.70925639,99.81986537,99.81986537,99.81986537,99.81986537,99.81986537,99.81986537,99.81986537,99.81986537,99.81986537,99.81986537,99.81986537
SerializeTensor,,,99.88919518,99.96756932,99.99459489,99.99729744,100,100,100,100,100,100,100,100,,99.84054916,99.91081563,99.94324631,99.94324631,99.94324631,99.94324631,99.95946165,99.95946165,99.95946165,99.95946165,99.95946165,99.95946165
Multinomial,,,87.13342802,88.71250731,90.36121091,90.97668978,91.32759629,92.66716796,93.22416242,93.92876041,94.24903222,96.70816275,98.3512964,100,,78.07112819,86.85493079,87.9800596,88.45071992,89.39204055,90.09106859,91.26911187,91.27468182,92.2911967,93.31328153,93.31328153,93.31328153
RandomUniformInt,,,81.05447539,81.05447539,82.02136977,82.02136977,82.05640217,82.05640217,83.43667893,83.43667893,83.49623402,83.53476966,99.84235418,99.84235418,,97.73690664,97.99614644,97.99614644,97.99964968,97.99964968,97.99964968,97.99964968,98.38850937,99.23979681,99.23979681,100,100
AsString,,,91.28069886,91.97022142,92.06087578,92.06087578,92.60754904,92.60754904,92.97291358,93.011373,94.09098401,94.09098401,94.09098401,95.11840009,,90.36041976,91.338388,92.30536784,93.34926652,94.93709137,95.20630735,96.01120818,96.55238723,97.409483,98.44514038,99.32970716,100
RegexReplace,,,99.97231642,99.97231642,99.97577687,99.97577687,99.97577687,99.97577687,99.97577687,99.97577687,99.97577687,99.97577687,99.97577687,99.97577687,,99.92733061,99.95501419,99.95847463,99.95847463,99.97923732,99.98961866,99.98961866,100,100,100,100,100
StringLength,,,100,100,100,100,100,100,100,100,100,100,100,100,,99.92139542,99.92513849,99.92513849,99.92513849,99.92513849,99.92513849,99.92513849,99.92513849,99.92513849,99.92513849,99.92513849,99.92513849
StringLower,,,99.97830332,99.97830332,99.97830332,99.97830332,99.97830332,99.97830332,99.97830332,99.97830332,99.97830332,99.97830332,99.97830332,99.97830332,,100,100,100,100,100,100,100,100,100,100,100,100
StringUpper,,,100,100,100,100,100,100,100,100,100,100,100,100,,99.9674738,99.97108782,99.97108782,99.97108782,99.97108782,99.97108782,99.97108782,99.97108782,99.98554391,99.98554391,99.98554391,99.98554391
UnicodeScript,,,99.96336728,99.96336728,99.96336728,99.96336728,99.96336728,99.96336728,99.96336728,99.96336728,100,100,100,100,,99.89742838,99.9084182,99.9084182,99.9084182,99.9084182,99.9084182,99.9084182,99.9084182,99.9084182,99.9084182,99.9084182,99.91208147
,,,,,,,,,,,,,,,,,,,,,,,,,,,
upper quartile,,,99.91454682,99.96307414,99.9694531,99.97195892,99.97479996,99.97550657,99.98000002,99.9833892,99.99348642,100,100,100,,99.90078169,99.9326625,99.94516332,99.94516332,99.95232507,99.96056197,99.96123423,99.96658508,99.97032534,99.97947161,99.98546479,100
median,,,95.21590937,96.64549668,97.80956031,98.92066264,99.28448422,99.5100536,99.87069051,99.87709095,99.89462234,99.92645092,99.94656098,100,,96.55814512,96.77791128,97.24871877,97.99964968,97.99964968,98.30242391,98.69242367,98.84178045,99.09271474,99.16382629,99.52839171,99.85307082
lower quartile,,,76.08953516,80.16183862,84.37308018,87.16056982,89.37349105,91.44419104,93.098538,95.31018149,96.15506841,97.58814107,98.98400816,99.9854561,,77.40700729,80.84110133,82.25736386,83.45521356,85.34989503,86.26943738,86.76380718,87.84198105,88.24659697,89.47954823,89.9510673,90.58646521