Absolute Branch Coverage,,,,,,,,,,,,,,,,,,,,,,,,,,,,,,,,,,,,,,,,,,
,,,LPF,,,,,,,,,,,,,,DeepREL,,,,,,,,,,,,,,TitanFuzz,,,,,,,,,,,
API,MAX,,300,600,900,1200,1500,1800,2100,2400,2700,3000,3300,3600,,,300,600,900,1200,1500,1800,2100,2400,2700,3000,3300,3600,,,300,600,900,1200,1500,1800,2100,2400,2700,3000,3300,3600
BroadcastTo,12535.2,,8924.8,9262.8,9616.8,9923.4,10121.6,10274.4,10367,10477.2,10496.2,10673.4,10781.6,10946.8,,,10363.6,10851,11243,11541.2,11771.8,11798.6,11962.8,12022,12204.2,12407,12485.8,12535.2,,,1176.6,1176.6,1176.6,1176.6,1176.6,1176.6,1176.6,1176.6,1176.6,1176.6,1176.6,1176.6
DepthToSpace,8571.8,,1172.4,2181.8,5013,6765,7221.6,8369.8,8568.8,8569,8571.8,8571.8,8571.8,8571.8,,,796.2,1072.2,1191,1313.2,1379,1410.6,1464.8,1478.8,1549,1551,1557.2,1572.8,,,633,633,633,633,633,633,633,633,633,633,633,633
DiagPart,6607,,6601,6601,6601,6603,6605,6605,6605,6605,6605,6607,6607,6607,,,1828.8,2361.8,2537.6,2806.4,3003.8,3228.2,3289.6,3352,3396.8,3489.4,3550.2,3634.2,,,551.2,551.2,551.2,551.2,551.2,551.2,551.2,551.2,551.2,551.2,551.2,551.2
ExpandDims,8977.4,,8948.8,8960.4,8966.2,8966.4,8968.4,8971,8972.2,8972.2,8977.2,8977.2,8977.4,8977.4,,,587.8,714.4,739.8,771,771.4,821.4,850.2,850.2,901,901,901,901.4,,,715.8,715.8,715.8,715.8,715.8,715.8,715.8,715.8,715.8,715.8,715.8,715.8
Gather,14194.2,,13820.8,13896.4,13951.6,14012.2,14030.2,14050.6,14059.6,14120.4,14126.4,14141.8,14157.6,14194.2,,,4086,4339.4,4414,4476.6,4491.4,4522.2,4547.2,4572.8,4674.8,4685.4,4718.2,4747.8,,,1321,1321,1321,1321,1321,1321,1321,1321,1321,1321,1321,1321
GatherNd,17219.6,,15489.2,15899,16073.8,16308.6,16451,16573.6,16607.8,16868,16957,17043.2,17121.4,17219.6,,,5163,5976.8,6544.2,6805.8,7103.8,7212.4,7334.6,7563.4,7718,7812.2,7952.2,7991.2,,,1282,1282,1282,1282,1282,1282,1282,1282,1282,1282,1282,1282
MatrixBandPart,8156.2,,7766,7882.6,7944,7977.4,7996.8,8011.4,8059.4,8076.6,8105.6,8108.6,8136.6,8156.2,,,5189.8,5356,5414.2,5568.6,5659.4,5706.4,5782.6,5785.8,5837.2,5855.4,5899,5937.2,,,1326.6,1326.6,1326.6,1326.6,1326.6,1326.6,1326.6,1326.6,1326.6,1326.6,1326.6,1326.6
MatrixDiag,8634.2,,8608,8628,8634.2,8634.2,8634.2,8634.2,8634.2,8634.2,8634.2,8634.2,8634.2,8634.2,,,2404.4,3016.4,3441.4,3666.6,3850,4006.4,4172.6,4336,4386.4,4474.6,4524.2,4600.6,,,794.4,794.4,794.4,794.4,794.4,794.4,794.4,794.4,794.4,794.4,794.4,794.4
MatrixDiagPartV2,7719.4,,6195,6403.6,6629.8,6772.6,6774.8,6774.8,7227.4,7401.2,7403.8,7410.2,7617.2,7719.4,,,2929.6,3599,4122.6,4459.8,4744,4842.4,4931.6,5198.4,5366.2,5476.6,5596.8,5604,,,803.4,803.4,803.4,803.4,803.4,803.4,803.4,803.4,803.4,803.4,803.4,803.4
MatrixDiagPartV3,7267.6,,5498.2,5735.4,5875.6,6622.6,6678.4,6720.6,6788.4,6913.6,7057.8,7139.8,7182.6,7267.6,,,2931.8,3571.2,3842.8,4185,4551.2,4898.2,5029.6,5216,5360.2,5575.8,5681,5733.8,,,990,990,990,990,990,990,990,990,990,990,990,990
MatrixDiagV2,4917.4,,1274.4,1476,1679.4,1694.2,1902.4,1902.6,1902.6,1902.6,1909,1909,1909.2,2316.2,,,2604,2941.8,3257.8,3658.6,3911.4,4087.6,4352,4409.8,4590.4,4770.6,4819.2,4917.4,,,837.6,837.6,837.6,837.6,837.6,837.6,837.6,837.6,837.6,837.6,837.6,837.6
Pad,12392.4,,3520,3520,5817.4,6070.8,6515.8,6898.6,7079,7251.6,7520,8742.2,8896.8,9485.8,,,6665,8300.6,9413.2,10143.6,10639.2,10778.8,11268.8,11423,11659.2,11891.8,12120.6,12392.4,,,1356.6,1356.6,1356.6,1356.6,1356.6,1356.6,1356.6,1356.6,1356.6,1356.6,1356.6,1356.6
Where,9427.6,,9317.4,9388.2,9410.4,9421.8,9426.2,9426.2,9426.4,9426.4,9427.6,9427.6,9427.6,9427.6,,,1474.4,1876.2,2068.6,2175.2,2325.6,2381,2474.4,2497,2597.4,2628.6,2711.4,2746.8,,,771.8,771.8,771.8,771.8,771.8,771.8,771.8,771.8,771.8,771.8,771.8,771.8
ZerosLike,6508.2,,6503.4,6508.2,6508.2,6508.2,6508.2,6508.2,6508.2,6508.2,6508.2,6508.2,6508.2,6508.2,,,2093.2,2116,2146.8,2147.2,2199.8,2200,2225.2,2326,2326.2,2351.4,2376.6,2376.6,,,1020.2,1020.2,1020.2,1020.2,1020.2,1020.2,1020.2,1020.2,1020.2,1020.2,1020.2,1020.2
AdjustSaturation,5373.6,,5371.6,5371.6,5371.6,5371.6,5371.6,5371.6,5373.6,5373.6,5373.6,5373.6,5373.6,5373.6,,,1601.2,1822.6,2003.4,2186.8,2279.2,2503.2,2715.4,2838.8,2984,3060,3142.8,3267.8,,,641.8,641.8,641.8,641.8,641.8,641.8,641.8,641.8,641.8,641.8,642,642
ExtractGlimpse,5459.8,,1244.2,1244.2,1244.2,1244.2,1244.2,1244.2,2089.4,2089.6,2089.6,2090.4,2090.8,2090.8,,,4066,4394.6,4756.6,4971.8,5052.6,5140.2,5225,5288.2,5363,5391,5413.2,5459.8,,,1688.6,1688.6,1688.6,1688.6,1688.6,1688.6,1688.6,1688.6,1688.6,1688.6,1688.6,1688.6
HSVToRGB,8043,,8014.8,8031.2,8040.2,8042.6,8042.6,8042.6,8042.6,8042.6,8042.6,8043,8043,8043,,,2786,2786,2836.6,2862.2,2863,2914.2,2914.2,2964.6,2990,3014.8,3015.6,3016,,,1575.6,1575.6,1575.6,1575.6,1575.6,1575.6,1575.6,1575.6,1575.6,1575.6,1575.6,1575.6
RGBToHSV,10470.2,,10418.4,10430.8,10454.2,10460.4,10469.4,10469.4,10470,10470,10470.2,10470.2,10470.2,10470.2,,,5324.2,5360.2,5364.2,5393,5447.6,5447.6,5448,5449,5473.8,5475.4,5475.4,5502.2,,,1932.2,1932.2,1932.2,1932.2,1932.2,1932.2,1932.2,1932.2,1932.2,1932.2,1932.2,1932.2
ResizeBicubic,3591.8,,3191.4,3191.4,3191.4,3192,3192,3192,3192,3192,3243.8,3425.4,3573,3591.8,,,2202.6,2366,2575.4,2693.2,2795.2,2837.4,2966.6,3049.4,3111.6,3216.6,3237.6,3238.8,,,867.2,867.2,867.2,867.2,867.2,867.2,867.2,867.2,867.2,867.2,867.2,867.2
ResizeBilinear,6564,,4977,5029.4,5968.2,5991.4,6015,6106.2,6275,6321.4,6327.6,6377.2,6540,6564,,,2145.2,2455.6,2595.8,2686.4,2813.8,2887.2,3003.6,3107.4,3145,3171,3208.4,3268.6,,,778,778,778,778,778,778,778,778,778,778,778,778
ResizeNearestNeighbor,5117.8,,3976.6,4875.8,4913.2,4913.2,4913.2,4913.2,4913.2,4913.2,4913.2,4975.8,5047.2,5117.8,,,2594.2,2671.8,2832,2927.2,3030.6,3093.8,3132,3234.4,3235.8,3312.4,3381,3450.4,,,1000.8,1000.8,1000.8,1000.8,1000.8,1000.8,1000.8,1000.8,1000.8,1000.8,1000.8,1000.8
Abs,6842.6,,6836.2,6842.4,6842.6,6842.6,6842.6,6842.6,6842.6,6842.6,6842.6,6842.6,6842.6,6842.6,,,1288,1288.2,1340,1365.8,1371.2,1396,1419.6,1501.6,1501.6,1527.4,1552.6,1552.6,,,849.4,849.4,849.4,849.4,849.4,849.4,849.4,849.4,849.4,849.4,849.4,849.4
AddV2,21724.8,,12043.4,13998.8,15423,16618.2,17763.6,18423,19108,19555.6,19995.6,20356.2,21118,21724.8,,,3686,4186.6,4585.4,4896,5199,5474.8,5717.4,5870,6046.6,6069,6132.4,6143.8,,,824.2,824.2,824.2,824.2,824.2,824.2,824.2,824.2,824.2,824.2,824.2,824.2
All,7678.8,,6848.4,6909.8,7004.2,7126.2,7277,7409.2,7454.8,7504,7572.2,7576.6,7601.4,7678.8,,,1408,1521.8,1651.4,1751.2,1808.6,1891,1916.6,1951.8,2003,2096.2,2111.4,2111.8,,,1159.6,1159.6,1159.6,1165,1165,1165,1165,1165,1165,1165,1165,1165
Asin,6555,,6554.6,6555,6555,6555,6555,6555,6555,6555,6555,6555,6555,6555,,,1198,1232.4,1233.4,1234.2,1234.2,1238.2,1238.2,1238.2,1238.2,1239,1239,1239,,,784.6,784.6,784.6,784.6,784.6,784.6,784.6,784.6,784.6,784.6,784.6,784.6
Asinh,6515.4,,6515.4,6515.4,6515.4,6515.4,6515.4,6515.4,6515.4,6515.4,6515.4,6515.4,6515.4,6515.4,,,641,1180.2,1183.4,1184.2,1191.4,1217.6,1221.6,1225.6,1225.6,1225.6,1225.6,1225.6,,,539,539,539,539,539,539,539,539,539,539,539,539
Atan,6594.6,,6592.6,6594.6,6594.6,6594.6,6594.6,6594.6,6594.6,6594.6,6594.6,6594.6,6594.6,6594.6,,,951,1264.2,1268,1272.6,1279.8,1285,1285,1285,1285,1285.4,1285.4,1285.6,,,576.8,576.8,576.8,576.8,576.8,576.8,576.8,576.8,576.8,576.8,576.8,576.8
Atanh,6578.8,,6568.6,6577.6,6578.8,6578.8,6578.8,6578.8,6578.8,6578.8,6578.8,6578.8,6578.8,6578.8,,,1274.6,1280.6,1284.6,1285,1285.4,1311.2,1311.2,1311.4,1336.6,1336.6,1336.6,1336.6,,,824.8,824.8,824.8,824.8,824.8,824.8,824.8,824.8,824.8,824.8,824.8,824.8
ComplexAbs,5985,,5985,5985,5985,5985,5985,5985,5985,5985,5985,5985,5985,5985,,,978.6,978.6,978.6,978.6,978.6,982,985.4,985.4,985.4,985.4,988.8,988.8,,,549,549,549,549,549,549,549,549,549,549,549,549
Cumsum,11549.8,,10720.4,11023.8,11106,11323.6,11349.6,11370.4,11399.2,11413,11475.6,11523.4,11525.6,11549.8,,,6144.4,6586.2,6959.6,7022,7033.6,7057.4,7097,7201.6,7227.6,7238,7267.8,7297.4,,,1429.8,1429.8,1429.8,1429.8,1429.8,1429.8,1429.8,1429.8,1429.8,1429.8,1429.8,1429.8
Div,20068.4,,11916.6,14619,15865.6,16730.6,17148.8,17564.6,18031,18759.6,19183.2,19341.2,19827.4,20068.4,,,1580.4,2150,2281,2510.4,2768.6,3066.6,3358.4,3402.4,3596.6,3716.2,3830.8,4007.6,,,1270.4,1270.4,1270.4,1270.4,1270.4,1270.4,1270.4,1270.4,1270.4,1270.4,1270.4,1270.4
Exp,6615.2,,6614.8,6615.2,6615.2,6615.2,6615.2,6615.2,6615.2,6615.2,6615.2,6615.2,6615.2,6615.2,,,1176.8,1209,1211.8,1237.2,1264.6,1264.6,1290,1290,1315.2,1345.8,1371.8,1371.8,,,632.6,632.6,632.6,632.6,632.6,632.6,632.6,632.6,632.6,632.6,632.6,632.6
Expm1,6593,,6592.2,6592.6,6592.6,6592.6,6592.6,6592.6,6592.6,6593,6593,6593,6593,6593,,,1159.8,1188,1189.2,1190.8,1190.8,1241.6,1242.8,1273,1297.8,1297.8,1323,1354.8,,,684.8,684.8,684.8,684.8,684.8,684.8,684.8,684.8,684.8,684.8,684.8,684.8
Floor,6125.4,,6121.4,6121.4,6121.4,6123.4,6123.4,6125.4,6125.4,6125.4,6125.4,6125.4,6125.4,6125.4,,,970.4,997.2,1023,1074.6,1100.2,1100.4,1100.4,1100.8,1101,1102.2,1102.2,1102.6,,,893.6,893.6,893.6,893.6,893.6,893.6,893.6,893.6,893.6,893.6,893.6,893.6
FloorMod,20043.2,,11045.4,13348.4,14830.8,15817.2,16960.4,17571,18467.2,18697.4,19004.6,19461.6,19747.6,20043.2,,,793.4,1010.2,1221,1537,1688.4,1813,1940.6,2160.2,2285.8,2352.4,2410,2411.8,,,1114.8,1114.8,1114.8,1114.8,1114.8,1114.8,1114.8,1114.8,1114.8,1114.8,1114.8,1114.8
Inv,6634.2,,6632.4,6634,6634,6634,6634.2,6634.2,6634.2,6634.2,6634.2,6634.2,6634.2,6634.2,,,1180.4,1206.4,1231.2,1256.6,1306.8,1306.8,1382.6,1382.8,1382.8,1382.8,1383,1383.4,,,634.2,634.2,634.2,634.2,634.2,634.2,634.2,634.2,634.2,634.2,634.2,634.2
LessEqual,20695.8,,12036.6,13835,14916.4,15922.4,17171.4,17814.4,18600.8,18911.2,19620.8,19990.2,20412.8,20695.8,,,5519.4,6413.8,6920.8,7508.2,7725,7921,8129.6,8168.6,8280.2,8347.4,8482.4,8542.6,,,1111,1111,1111,1111,1111,1111,1111,1111,1111,1111,1111,1111
Lgamma,5877.4,,5875.2,5875.4,5875.4,5875.4,5875.4,5875.4,5877.4,5877.4,5877.4,5877.4,5877.4,5877.4,,,790,816.6,816.8,841.6,841.6,842.2,918.6,944,994,1044.2,1044.2,1044.2,,,569,569,569,569,569,569,569,569,569,569,569,569
LogicalAnd,8245.8,,7680.8,7912.2,7946,8156.8,8186.8,8205.4,8211,8227.4,8238.8,8243.8,8244.6,8245.8,,,1321.4,1360.8,1414.2,1451.6,1570.8,1628.8,1651.6,1678.2,1680.2,1686.8,1687,1705.8,,,942,942,942,942,942,942,942,942,942,942,942,942
LogicalOr,8218.4,,7460.8,7682.2,7811.6,7938.4,7951.4,8041.8,8074.8,8163.6,8182.4,8191.8,8194.2,8218.4,,,1354.2,1398.4,1469,1550.4,1605.4,1638.8,1638.8,1708.8,1726.4,1743.6,1743.8,1743.8,,,1036,1036,1036,1036,1036,1036,1036,1036,1036,1036,1036,1036
MatMul,15320.8,,9333.4,9852.6,10542.2,11380.2,12263.2,12739.4,13375.2,14549.4,14986.6,15157,15258.8,15320.8,,,2244.6,2663.2,2667,2703.4,2809.6,2831,2886.8,2906.8,2911.8,2926,2931,2939.2,,,1745.8,1745.8,1745.8,1745.8,1745.8,1745.8,1745.8,1745.8,1745.8,1745.8,1745.8,1745.8
Max,9803,,8174.6,8378.8,8535.8,8834.4,8980.4,9111.6,9229.8,9335,9373,9427.4,9433,9595.6,,,8215.4,8846.8,9123.2,9279.8,9425.6,9500.4,9559.8,9590.2,9593.6,9655,9676.6,9803,,,1859.8,1859.8,1859.8,1859.8,1859.8,1859.8,1859.8,1859.8,1859.8,1859.8,1859.8,1859.8
Mean,13358.8,,8149.6,8450.6,8641.6,8786.2,8950.4,9061.4,9264.4,9337.4,9558.2,9698.4,9932.2,10097,,,11024.2,12058.6,12391.2,12513.4,12702.2,12832.2,13028.2,13105.4,13199.6,13283.4,13335.6,13358.8,,,1921.8,1921.8,1921.8,1921.8,1921.8,1921.8,1921.8,1921.8,1921.8,1921.8,1921.8,1921.8
Mod,11741.4,,8351.2,9328.6,9833.6,10402,10675.4,10946.2,11029.2,11184.8,11408.8,11598,11630,11741.4,,,1544.8,1681.2,1787.2,1844,1900,1919.8,2072,2110.6,2155.4,2329.2,2354.4,2400.4,,,1189.8,1189.8,1189.8,1189.8,1189.8,1189.8,1189.8,1189.8,1189.8,1189.8,1189.8,1189.8
MulNoNan,13909.8,,9631.6,10564.2,11351.2,11768.8,11987.6,12265.2,12728.8,12832,13297.2,13589,13848.2,13909.8,,,1892.4,2306.2,2760.8,2990.4,3230.2,3268.8,3394,3448.6,3465.4,3536.4,3556.4,3625,,,1103.4,1103.4,1103.4,1103.4,1103.4,1103.4,1103.4,1103.4,1103.4,1103.4,1103.4,1103.4
Pow,17773.2,,10468.4,12744.8,13855.6,14443.6,14817.6,15157.2,15940.8,16593,16772.8,17140.4,17591.2,17773.2,,,3262.4,3927.6,4249.4,4446.6,4610.8,4701,4878.6,4943.6,4953,5035.2,5054.6,5074.6,,,1056.8,1056.8,1056.8,1056.8,1056.8,1056.8,1056.8,1056.8,1056.8,1056.8,1056.8,1056.8
Prod,9548.2,,8022.8,8222.6,8305.2,8520.2,8650.8,8802.2,8949.8,9174.2,9289.8,9338,9491.4,9548.2,,,7665.6,8068.8,8324.2,8449.2,8618,8777.2,8861.2,9034.8,9117.4,9167.4,9227.4,9353.4,,,1993.8,1993.8,1993.8,1993.8,1993.8,1993.8,1993.8,1993.8,1993.8,1993.8,1993.8,1993.8
RealDiv,12828,,8871.8,9646,10170.6,10631.6,10780,11198,11661.8,11968.8,12094.4,12254.8,12672.4,12828,,,1570.6,1910.2,2104.2,2163,2263,2354.4,2499.8,2527.4,2647.6,2870,2928.6,3021.4,,,931,931,931,931,931,931,931,931,931,931,931,931
Reciprocal,6630.4,,6626.2,6630.4,6630.4,6630.4,6630.4,6630.4,6630.4,6630.4,6630.4,6630.4,6630.4,6630.4,,,1205.8,1206.4,1231.2,1256.6,1306.8,1358.4,1358.4,1358.4,1389.2,1389.6,1414.8,1414.8,,,766.6,766.6,766.6,766.6,766.6,766.6,766.6,766.6,766.6,766.6,766.6,766.6
Round,6546.8,,6546.2,6546.2,6546.2,6546.2,6546.2,6546.2,6546.2,6546.2,6546.2,6546.8,6546.8,6546.8,,,1262.2,1276,1276.4,1303.2,1303.2,1303.8,1337.8,1338.2,1338.2,1338.2,1338.2,1338.2,,,830.8,830.8,830.8,830.8,830.8,830.8,830.8,830.8,830.8,830.8,830.8,830.8
Rsqrt,6663.4,,6653.4,6663.4,6663.4,6663.4,6663.4,6663.4,6663.4,6663.4,6663.4,6663.4,6663.4,6663.4,,,1694,1753.8,1807.2,1829.4,1897.2,1899,1920.4,1947.6,1948.4,1948.8,1970.2,1991.6,,,591.6,591.6,591.6,591.6,591.6,591.6,591.6,591.6,591.6,591.6,591.6,591.6
SegmentMax,9181.2,,7449.2,7629.8,7798.4,7988.2,8295.2,8446.2,8710.4,8893.4,8918.8,9062.2,9157.6,9181.2,,,4030.2,4276.4,4563,4714.8,4768.4,4883.8,5052,5111,5111.4,5202.4,5369.2,5432.2,,,867.6,867.6,867.6,867.6,867.6,867.6,867.6,867.6,867.6,867.6,867.6,867.6
SegmentMean,9031,,7728.6,7915.2,7985.2,8176.4,8395.8,8508.4,8622.4,8691.8,8809.4,8904.2,8989.2,9031,,,4359.8,4713,4859.6,5155,5246,5316.4,5438.4,5493.8,5516,5516.4,5579.8,5708,,,1058.2,1058.2,1058.2,1058.2,1058.2,1058.2,1058.2,1058.2,1058.2,1058.2,1058.2,1058.2
SelectV2,30456.4,,24588,26120.4,27589.6,28246.8,28538,29025.6,29289.8,29475,29753.8,30051.8,30263.8,30456.4,,,3921.4,4472.4,4820.6,5024.6,5908,6292.2,6299.6,6358.6,6363.4,6448.8,6457.6,6573.8,,,1938,1938,1938,1938,1938,1938,1938,1938,1938,1938,1938,1938
Sigmoid,6760.8,,6760.2,6760.8,6760.8,6760.8,6760.8,6760.8,6760.8,6760.8,6760.8,6760.8,6760.8,6760.8,,,1325.2,1403.2,1479.8,1505.4,1531.2,1556,1556,1556,1556.4,1556.4,1556.6,1556.6,,,610,610,610,610,610,610,610,610,610,610,610,610
Sign,7382,,7370.2,7382,7382,7382,7382,7382,7382,7382,7382,7382,7382,7382,,,1693.6,1704.8,1737,1737.6,1738.2,1738.2,1742.2,1742.2,1742.2,1742.2,1742.2,1742.2,,,914,914,914,914,914,914,914,914,914,914,914,914
Sin,6571.8,,6569.4,6569.4,6569.8,6569.8,6569.8,6569.8,6571.8,6571.8,6571.8,6571.8,6571.8,6571.8,,,1179.8,1237.8,1241.2,1241.6,1245.2,1245.2,1245.2,1245.2,1271,1271,1274.6,1274.6,,,819.2,819.2,819.2,819.2,819.2,819.2,819.2,819.2,819.2,819.2,819.2,819.2
Sinh,6523,,6520.6,6521,6521,6521,6521,6521,6521,6521,6523,6523,6523,6523,,,1185.8,1190.2,1190.6,1195,1196,1196.2,1196.2,1196.2,1196.2,1199.8,1199.8,1199.8,,,618,618,618,618,618,618,618,618,618,618,618,618
SparseMatMul,10196.6,,9455.6,9719.8,9865.8,9978.4,10051.6,10071.8,10076.2,10090.6,10114.2,10133.6,10175.2,10196.6,,,1876.4,1950.2,3390.8,3691.4,3781.8,3905.6,3935.6,3951.8,3952.8,3981.8,4010.8,4012,,,1995.8,1995.8,1995.8,1995.8,1995.8,1995.8,1995.8,1995.8,1995.8,1995.8,1995.8,1995.8
Sum,9954.6,,7882.4,8001.8,8086.2,8180.6,8306.2,8420.2,8577.6,8653.4,8797.2,9032.2,9488.2,9574.6,,,7762.2,8184.2,8500,8668.2,8938.6,9151.2,9328.6,9478.2,9693.2,9803.2,9910.8,9954.6,,,1874.4,1874.4,1874.4,1874.4,1874.4,1874.4,1874.4,1874.4,1874.4,1874.4,1874.4,1874.4
Tanh,6584,,6583.6,6583.6,6584,6584,6584,6584,6584,6584,6584,6584,6584,6584,,,1301.2,1301.8,1303,1303.4,1303.4,1303.4,1303.4,1328.8,1353.6,1353.6,1353.6,1353.6,,,646.2,646.2,646.2,646.2,646.2,646.2,646.2,646.2,646.2,646.2,646.2,646.2
TruncateDiv,19471.2,,11614.6,14106.2,15189.2,16395.2,17421.4,17810,18300.8,18774.4,19081.8,19164.2,19249.4,19471.2,,,828.2,1185.4,1441.2,1643,1762.2,1888,1911.6,2003.2,2063.4,2244.8,2433,2506.4,,,1013.4,1013.4,1013.4,1013.4,1013.4,1013.4,1013.4,1013.4,1013.4,1013.4,1013.4,1013.4
TruncateMod,11961.8,,9133.6,10049.4,10362.2,10728.4,10997.8,11309.6,11385.8,11461.4,11610,11729.2,11951.2,11961.8,,,1349.2,1495.2,1725.2,2054.8,2092.4,2176.4,2342.6,2390.2,2426.2,2598.8,2677.6,2692.6,,,1467.6,1467.6,1467.6,1467.6,1467.6,1467.6,1467.6,1467.6,1467.6,1467.6,1467.6,1467.6
Xdivy,13930,,9618,10934.2,11741.8,12229.8,12514.6,12734.8,12937.2,13248.2,13537.4,13773,13814.8,13930,,,1795.2,1938,2494,2847,3038.6,3124.4,3190.2,3376.6,3500.8,3567,3650.4,3668.2,,,990.4,990.4,990.4,990.4,990.4,990.4,990.4,990.4,990.4,990.4,990.4,990.4
Xlog1py,14323,,9620.8,10777.2,11640.6,12183.6,12452.2,12749.2,13174.8,13661.6,13823.8,14011,14154.8,14323,,,1594.4,2337,2674.6,2994.8,3199.4,3268.8,3296.2,3380.6,3420,3421.2,3512.8,3527.6,,,1220.2,1220.2,1220.2,1220.2,1220.2,1220.2,1220.2,1220.2,1220.2,1220.2,1220.2,1220.2
Xlogy,13860.2,,10202,10863.6,11528.4,12100.4,12373.6,12585.6,12722.4,12828,13039,13221.2,13488.4,13860.2,,,1689.2,2521.8,2828.4,2949.6,3152,3298.8,3420.8,3559.2,3588.2,3589.4,3628.4,3663.2,,,1249.4,1249.4,1249.4,1249.4,1249.4,1249.4,1249.4,1249.4,1249.4,1249.4,1249.4,1249.4
BiasAdd,16179.4,,13984.4,15295.4,15825,16005,16056.6,16088.2,16100.4,16136.2,16138.6,16144.4,16177.8,16179.4,,,1290.2,1408.6,1647.2,1786.2,1894.8,1972.8,2144.6,2254.2,2280.4,2403.8,2711,2788.6,,,1339.4,1339.4,1339.4,1339.4,1339.4,1339.4,1339.4,1339.4,1339.4,1339.4,1339.4,1339.4
Softmax,10053.4,,9941.6,9948.2,9961,9997.4,10010,10028.2,10040.4,10043.8,10053,10053.2,10053.4,10053.4,,,2003,3077.4,4178,4241.4,4269.6,4472.6,4495,4863.2,4874.2,4885.8,4910.4,4921.2,,,1634.6,1634.6,1634.6,1634.6,1634.6,1634.6,1634.6,1634.6,1634.6,1634.6,1634.6,1634.6
Softplus,6561.4,,6561.4,6561.4,6561.4,6561.4,6561.4,6561.4,6561.4,6561.4,6561.4,6561.4,6561.4,6561.4,,,1386.2,1463.8,1489.2,1489.2,1514,1514.2,1540,1540,1540,1540,1564.8,1565.2,,,999,999,999,999,999,999,999,999,999,999,999,999
Softsign,6328.6,,6326.6,6328.6,6328.6,6328.6,6328.6,6328.6,6328.6,6328.6,6328.6,6328.6,6328.6,6328.6,,,1145.2,1175,1204.4,1229.6,1256.6,1282.8,1333.8,1383.4,1383.4,1408.6,1433.8,1433.8,,,942,942,942,942,942,942,942,942,942,942,942,942
SerializeTensor,7400.4,,7392.2,7398,7400,7400.2,7400.4,7400.4,7400.4,7400.4,7400.4,7400.4,7400.4,7400.4,,,727.8,753.6,829,853.8,879.6,904.6,956,981.4,981.4,1007,1007,1007,,,640.8,640.8,640.8,640.8,640.8,640.8,640.8,640.8,640.8,640.8,640.8,640.8
Multinomial,7181.4,,6257.4,6370.8,6489.2,6533.4,6558.6,6654.8,6694.8,6745.4,6768.4,6945,7063,7181.4,,,1545.8,1591.6,1645,1646,1664.2,1666.2,1749.6,1776.8,1777.6,1822.2,1822.6,1824.4,,,945.4,945.4,945.4,945.4,945.4,945.4,945.4,945.4,945.4,945.4,945.4,945.4
RandomUniformInt,5700,,4627.4,4627.4,4682.6,4682.6,4684.6,4684.6,4763.4,4763.4,4766.8,4769,5700,5700,,,1449.2,1656.6,1886.6,1971.2,2096.6,2241.6,2244,2303.8,2343,2393,2504.6,2547.6,,,686.4,686.4,686.4,686.4,686.4,686.4,686.4,686.4,686.4,686.4,686.4,686.4
RegexReplace,5778.2,,5778,5778,5778.2,5778.2,5778.2,5778.2,5778.2,5778.2,5778.2,5778.2,5778.2,5778.2,,,1102.6,1129.2,1133.8,1146.2,1146.2,1155,1155,1155,1159.4,1159.4,1159.8,1159.8,,,860.6,860.6,860.6,860.6,860.6,860.6,860.6,860.6,860.6,860.6,860.6,860.6
StringLength,5343.2,,5343.2,5343.2,5343.2,5343.2,5343.2,5343.2,5343.2,5343.2,5343.2,5343.2,5343.2,5343.2,,,649.6,649.6,715.6,743.2,748.8,748.8,759.6,759.6,763.6,767.6,767.6,772,,,473.8,473.8,473.8,473.8,473.8,473.8,473.8,473.8,473.8,473.8,473.8,473.8
,,,,,,,,,,,,,,,,,,,,,,,,,,,,,,,,,,,,,,,,,,
,,,,,,,,,,,,,,,,,,,,,,,,,,,,,,,,,,,,,,,,,,
Relative Branch Coverage,,,,,,,,,,,,,,,,,,,,,,,,,,,,,,,,,,,,,,,,,,
,,,LPF,,,,,,,,,,,,,,DeepREL,,,,,,,,,,,,,,TitanFuzz,,,,,,,,,,,
API,,,300,600,900,1200,1500,1800,2100,2400,2700,3000,3300,3600,,,300,600,900,1200,1500,1800,2100,2400,2700,3000,3300,3600,,,300,600,900,1200,1500,1800,2100,2400,2700,3000,3300,3600
BroadcastTo,,,71.19790669,73.89431361,76.7183611,79.16427341,80.74542089,81.96438828,82.70310805,83.58223243,83.7338056,85.14742485,86.01059417,87.32848299,,,82.67598443,86.56423511,89.69142894,92.07032995,93.90994958,94.12374753,95.43365882,95.9059289,97.35943583,98.97727998,99.60590976,100,,,9.386367988,9.386367988,9.386367988,9.386367988,9.386367988,9.386367988,9.386367988,9.386367988,9.386367988,9.386367988,9.386367988,9.386367988
DepthToSpace,,,13.67740731,25.45323036,58.48246576,78.92158006,84.24834924,97.64343545,99.96500152,99.96733475,100,100,100,100,,,9.288597494,12.50845797,13.89439791,15.3200028,16.0876362,16.45628689,17.08859283,17.25191908,18.0708836,18.09421592,18.16654612,18.34853823,,,7.384679997,7.384679997,7.384679997,7.384679997,7.384679997,7.384679997,7.384679997,7.384679997,7.384679997,7.384679997,7.384679997,7.384679997
DiagPart,,,99.90918723,99.90918723,99.90918723,99.93945815,99.96972908,99.96972908,99.96972908,99.96972908,99.96972908,100,100,100,,,27.67973362,35.74693507,38.40774936,42.47616165,45.46390192,48.86029968,49.78961707,50.73406993,51.41213864,52.81368246,53.73391857,55.00529741,,,8.342666868,8.342666868,8.342666868,8.342666868,8.342666868,8.342666868,8.342666868,8.342666868,8.342666868,8.342666868,8.342666868,8.342666868
ExpandDims,,,99.68142224,99.8106356,99.87524228,99.87747009,99.89974826,99.92870987,99.94207677,99.94207677,99.99777218,99.99777218,100,100,,,6.547552744,7.957760599,8.240693297,8.588232673,8.592688306,9.149642435,9.470448014,9.470448014,10.03631341,10.03631341,10.03631341,10.04076904,,,7.973355314,7.973355314,7.973355314,7.973355314,7.973355314,7.973355314,7.973355314,7.973355314,7.973355314,7.973355314,7.973355314,7.973355314
Gather,,,97.36934804,97.90195996,98.29085119,98.71778614,98.8445985,98.98831917,99.05172535,99.48006932,99.52234011,99.63083513,99.7421482,100,,,28.78640572,30.57164194,31.09720872,31.53823393,31.64250187,31.85949191,32.03562018,32.21597554,32.93457891,33.0092573,33.2403376,33.44887348,,,9.306618196,9.306618196,9.306618196,9.306618196,9.306618196,9.306618196,9.306618196,9.306618196,9.306618196,9.306618196,9.306618196,9.306618196
GatherNd,,,89.95098609,92.33083231,93.34595461,94.70951706,95.53648168,96.24846106,96.44707194,97.95814072,98.47499361,98.97558596,99.42971962,100,,,29.98327487,34.70928477,38.00436712,39.52356617,41.25415225,41.88482892,42.59448535,43.92320379,44.82101791,45.36806894,46.18109596,46.40758206,,,7.44500453,7.44500453,7.44500453,7.44500453,7.44500453,7.44500453,7.44500453,7.44500453,7.44500453,7.44500453,7.44500453,7.44500453
MatrixBandPart,,,95.21590937,96.64549668,97.39829823,97.80780265,98.04565852,98.22466345,98.8131728,99.02405532,99.37961306,99.41639489,99.75969201,100,,,63.63012187,65.66783551,66.3814031,68.27444153,69.38770506,69.9639538,70.8982124,70.93744636,71.56764179,71.79078492,72.32534759,72.79370295,,,16.26492729,16.26492729,16.26492729,16.26492729,16.26492729,16.26492729,16.26492729,16.26492729,16.26492729,16.26492729,16.26492729,16.26492729
MatrixDiag,,,99.69655556,99.92819254,100,100,100,100,100,100,100,100,100,100,,,27.84739756,34.9354891,39.8577749,42.46600727,44.59011837,46.40151954,48.32642283,50.21889694,50.80262213,51.82414121,52.39860091,53.28345417,,,9.200620787,9.200620787,9.200620787,9.200620787,9.200620787,9.200620787,9.200620787,9.200620787,9.200620787,9.200620787,9.200620787,9.200620787
MatrixDiagPartV2,,,80.25235122,82.95463378,85.88491334,87.73479804,87.76329767,87.76329767,93.62644765,95.87791797,95.91159935,95.99450735,98.67606291,100,,,37.9511361,46.62279452,53.40570511,57.77392025,61.45555354,62.73026401,63.88579423,67.3420214,69.51576547,70.94592844,72.50304428,72.59631578,,,10.40754463,10.40754463,10.40754463,10.40754463,10.40754463,10.40754463,10.40754463,10.40754463,10.40754463,10.40754463,10.40754463,10.40754463
MatrixDiagPartV3,,,75.65358578,78.91738676,80.84649678,91.12499312,91.89278441,92.47344378,93.40635148,95.12906599,97.11321482,98.24151026,98.83042545,100,,,40.34069019,49.13864274,52.87577742,57.58434696,62.62314932,67.39776542,69.20579008,71.77059827,73.7547471,76.72133854,78.16885905,78.89537124,,,13.62210358,13.62210358,13.62210358,13.62210358,13.62210358,13.62210358,13.62210358,13.62210358,13.62210358,13.62210358,13.62210358,13.62210358
MatrixDiagV2,,,25.91613454,30.01586204,34.15219425,34.45316631,38.68711107,38.69117826,38.69117826,38.69117826,38.82132834,38.82132834,38.82539553,47.10212714,,,52.95481352,59.82429739,66.25045756,74.40110628,79.54203441,83.12522878,88.50205393,89.67747183,93.35014439,97.01468256,98.00300972,100,,,17.03339163,17.03339163,17.03339163,17.03339163,17.03339163,17.03339163,17.03339163,17.03339163,17.03339163,17.03339163,17.03339163,17.03339163
Pad,,,28.40450599,28.40450599,46.94328782,48.98808947,52.57900003,55.66799006,57.12372099,58.51651012,60.6823537,70.54485007,71.79238888,76.54530196,,,53.78296375,66.98137568,75.95945902,81.85339402,85.85261935,86.97911623,90.93315258,92.17746361,94.08347051,95.96042736,97.80672025,100,,,10.94703205,10.94703205,10.94703205,10.94703205,10.94703205,10.94703205,10.94703205,10.94703205,10.94703205,10.94703205,10.94703205,10.94703205
Where,,,98.83109169,99.58207815,99.81755696,99.93847851,99.98514999,99.98514999,99.98727142,99.98727142,100,100,100,100,,,15.63918707,19.90114133,21.94195766,23.07268022,24.6679961,25.2556324,26.24634053,26.4860622,27.55102041,27.8819636,28.7602359,29.13572914,,,8.186601044,8.186601044,8.186601044,8.186601044,8.186601044,8.186601044,8.186601044,8.186601044,8.186601044,8.186601044,8.186601044,8.186601044
ZerosLike,,,99.92624689,100,100,100,100,100,100,100,100,100,100,100,,,32.16250269,32.51282997,32.9860791,32.99222519,33.80043637,33.80350942,34.19071325,35.73952859,35.74260164,36.12980548,36.51700931,36.51700931,,,15.67560923,15.67560923,15.67560923,15.67560923,15.67560923,15.67560923,15.67560923,15.67560923,15.67560923,15.67560923,15.67560923,15.67560923
AdjustSaturation,,,99.962781,99.962781,99.962781,99.962781,99.962781,99.962781,100,100,100,100,100,100,,,29.79752866,33.91767158,37.28226887,40.69525086,42.4147685,46.58329611,50.53223165,52.82864374,55.53074289,56.94506476,58.48593122,60.81211851,,,11.943576,11.943576,11.943576,11.943576,11.943576,11.943576,11.943576,11.943576,11.943576,11.943576,11.9472979,11.9472979
ExtractGlimpse,,,22.78838053,22.78838053,22.78838053,22.78838053,22.78838053,22.78838053,38.26880105,38.27246419,38.27246419,38.28711674,38.29444302,38.29444302,,,74.47159237,80.49012784,87.12040734,91.06194366,92.54185135,94.14630573,95.69947617,96.85702773,98.22704128,98.73988058,99.14648888,100,,,30.92787282,30.92787282,30.92787282,30.92787282,30.92787282,30.92787282,30.92787282,30.92787282,30.92787282,30.92787282,30.92787282,30.92787282
HSVToRGB,,,99.64938456,99.85328857,99.96518712,99.99502673,99.99502673,99.99502673,99.99502673,99.99502673,99.99502673,100,100,100,,,34.63881636,34.63881636,35.26793485,35.58622405,35.59617058,36.23274897,36.23274897,36.85938083,37.17518339,37.48352605,37.49347258,37.49844585,,,19.58970533,19.58970533,19.58970533,19.58970533,19.58970533,19.58970533,19.58970533,19.58970533,19.58970533,19.58970533,19.58970533,19.58970533
RGBToHSV,,,99.50526255,99.62369391,99.84718535,99.90640102,99.99235927,99.99235927,99.99808982,99.99808982,100,100,100,100,,,50.85098661,51.19481958,51.23302325,51.50808963,52.02956964,52.02956964,52.03339,52.04294092,52.27980363,52.2950851,52.2950851,52.55104965,,,18.45427977,18.45427977,18.45427977,18.45427977,18.45427977,18.45427977,18.45427977,18.45427977,18.45427977,18.45427977,18.45427977,18.45427977
ResizeBicubic,,,88.85238599,88.85238599,88.85238599,88.86909071,88.86909071,88.86909071,88.86909071,88.86909071,90.31126455,95.36722535,99.47658556,100,,,61.32301353,65.8722646,71.70221059,74.98190322,77.82170499,78.99660337,82.59368562,84.89893647,86.63065872,89.55398407,90.13864915,90.17205858,,,24.14388329,24.14388329,24.14388329,24.14388329,24.14388329,24.14388329,24.14388329,24.14388329,24.14388329,24.14388329,24.14388329,24.14388329
ResizeBilinear,,,75.8226691,76.62096283,90.92321755,91.27666057,91.63619744,93.02559415,95.59719683,96.30408288,96.39853748,97.15417428,99.63436929,100,,,32.6812919,37.41011578,39.54600853,40.92626447,42.86715417,43.98537477,45.75868373,47.34003656,47.91285801,48.30895795,48.87873248,49.79585619,,,11.85252895,11.85252895,11.85252895,11.85252895,11.85252895,11.85252895,11.85252895,11.85252895,11.85252895,11.85252895,11.85252895,11.85252895
ResizeNearestNeighbor,,,77.70135605,95.27140568,96.00218844,96.00218844,96.00218844,96.00218844,96.00218844,96.00218844,96.00218844,97.22537028,98.620501,100,,,50.6897495,52.20602603,55.33627731,57.1964516,59.21685099,60.45175661,61.19817109,63.19903083,63.22638634,64.72312322,66.06354293,67.41959436,,,19.55527766,19.55527766,19.55527766,19.55527766,19.55527766,19.55527766,19.55527766,19.55527766,19.55527766,19.55527766,19.55527766,19.55527766
Abs,,,99.9064683,99.99707713,100,100,100,100,100,100,100,100,100,100,,,18.82325432,18.82617718,19.58319937,19.96024903,20.0391664,20.40160173,20.74649987,21.94487476,21.94487476,22.32192441,22.69020548,22.69020548,,,12.41341011,12.41341011,12.41341011,12.41341011,12.41341011,12.41341011,12.41341011,12.41341011,12.41341011,12.41341011,12.41341011,12.41341011
AddV2,,,55.43618353,64.43695684,70.99259832,76.49414494,81.76646045,84.80170128,87.95477979,90.01509795,92.04043305,93.70028723,97.20687877,100,,,16.9667845,19.27106349,21.10675357,22.53645603,23.93117543,25.2006923,26.31738842,27.01981146,27.83270732,27.93581529,28.22764767,28.28012226,,,3.793820887,3.793820887,3.793820887,3.793820887,3.793820887,3.793820887,3.793820887,3.793820887,3.793820887,3.793820887,3.793820887,3.793820887
All,,,89.18581028,89.98541439,91.21477314,92.80356306,94.76741157,96.48903475,97.08287753,97.72360265,98.61176225,98.66906287,98.99203,100,,,18.33619836,19.81820076,21.50596447,22.80564672,23.55315935,24.62624368,24.95962911,25.41803407,26.08480492,27.29853623,27.49648383,27.50169297,,,15.10131791,15.10131791,15.10131791,15.1716414,15.1716414,15.1716414,15.1716414,15.1716414,15.1716414,15.1716414,15.1716414,15.1716414
Asin,,,99.99389779,100,100,100,100,100,100,100,100,100,100,100,,,18.2761251,18.80091533,18.81617086,18.82837529,18.82837529,18.88939741,18.88939741,18.88939741,18.88939741,18.90160183,18.90160183,18.90160183,,,11.96948894,11.96948894,11.96948894,11.96948894,11.96948894,11.96948894,11.96948894,11.96948894,11.96948894,11.96948894,11.96948894,11.96948894
Asinh,,,100,100,100,100,100,100,100,100,100,100,100,100,,,9.838229426,18.11400681,18.16312122,18.17539982,18.28590724,18.68803143,18.74942444,18.81081745,18.81081745,18.81081745,18.81081745,18.81081745,,,8.272707739,8.272707739,8.272707739,8.272707739,8.272707739,8.272707739,8.272707739,8.272707739,8.272707739,8.272707739,8.272707739,8.272707739
Atan,,,99.96967216,100,100,100,100,100,100,100,100,100,100,100,,,14.42088982,19.17023019,19.22785309,19.29760713,19.40678737,19.48563977,19.48563977,19.48563977,19.48563977,19.49170533,19.49170533,19.49473812,,,8.746550208,8.746550208,8.746550208,8.746550208,8.746550208,8.746550208,8.746550208,8.746550208,8.746550208,8.746550208,8.746550208,8.746550208
Atanh,,,99.84495653,99.98175959,100,100,100,100,100,100,100,100,100,100,,,19.37435399,19.46555603,19.52635739,19.53243753,19.53851766,19.93068645,19.93068645,19.93372652,20.3167751,20.3167751,20.3167751,20.3167751,,,12.53724083,12.53724083,12.53724083,12.53724083,12.53724083,12.53724083,12.53724083,12.53724083,12.53724083,12.53724083,12.53724083,12.53724083
ComplexAbs,,,100,100,100,100,100,100,100,100,100,100,100,100,,,16.35087719,16.35087719,16.35087719,16.35087719,16.35087719,16.40768588,16.46449457,16.46449457,16.46449457,16.46449457,16.52130326,16.52130326,,,9.172932331,9.172932331,9.172932331,9.172932331,9.172932331,9.172932331,9.172932331,9.172932331,9.172932331,9.172932331,9.172932331,9.172932331
Cumsum,,,92.81892327,95.44580859,96.15750922,98.04152453,98.26663665,98.44672635,98.69608132,98.81556391,99.35756463,99.77142461,99.79047256,100,,,53.1991896,57.02436406,60.25732047,60.79758957,60.89802421,61.10408838,61.44695146,62.35259485,62.57770697,62.66775182,62.92576495,63.18204644,,,12.37943514,12.37943514,12.37943514,12.37943514,12.37943514,12.37943514,12.37943514,12.37943514,12.37943514,12.37943514,12.37943514,12.37943514
Div,,,59.37992067,72.84586713,79.05762293,83.36788184,85.451755,87.52366905,89.84772079,93.4783042,95.58908533,96.37639274,98.79910705,100,,,7.87506727,10.71336031,11.36612784,12.50921847,13.7958183,15.28073987,16.7347671,16.95401726,17.92170776,18.51766957,19.08871659,19.96970361,,,6.330350202,6.330350202,6.330350202,6.330350202,6.330350202,6.330350202,6.330350202,6.330350202,6.330350202,6.330350202,6.330350202,6.330350202
Exp,,,99.99395332,100,100,100,100,100,100,100,100,100,100,100,,,17.78933366,18.27609143,18.31841819,18.70238239,19.11658,19.11658,19.5005442,19.5005442,19.88148506,20.34405611,20.73709034,20.73709034,,,9.562825009,9.562825009,9.562825009,9.562825009,9.562825009,9.562825009,9.562825009,9.562825009,9.562825009,9.562825009,9.562825009,9.562825009
Expm1,,,99.98786592,99.99393296,99.99393296,99.99393296,99.99393296,99.99393296,99.99393296,100,100,100,100,100,,,17.5913848,18.01911118,18.0373123,18.06158046,18.06158046,18.83209465,18.85029577,19.30835735,19.68451388,19.68451388,20.06673745,20.54906719,,,10.38677385,10.38677385,10.38677385,10.38677385,10.38677385,10.38677385,10.38677385,10.38677385,10.38677385,10.38677385,10.38677385,10.38677385
Floor,,,99.93469814,99.93469814,99.93469814,99.96734907,99.96734907,100,100,100,100,100,100,100,,,15.84223071,16.27975316,16.70095014,17.54334411,17.961276,17.96454109,17.96454109,17.97107128,17.97433637,17.99392693,17.99392693,18.00045711,,,14.58843504,14.58843504,14.58843504,14.58843504,14.58843504,14.58843504,14.58843504,14.58843504,14.58843504,14.58843504,14.58843504,14.58843504
FloorMod,,,55.10796679,66.598148,73.99417259,78.91554243,84.61922248,87.66564221,92.13698411,93.28550331,94.8181927,97.09826774,98.5251856,100,,,3.958449749,5.040113355,6.091841622,7.668436178,8.423804582,9.045461803,9.682086693,10.77772012,11.40436657,11.73664884,12.0240281,12.0330087,,,5.56198611,5.56198611,5.56198611,5.56198611,5.56198611,5.56198611,5.56198611,5.56198611,5.56198611,5.56198611,5.56198611,5.56198611
Inv,,,99.97286787,99.99698532,99.99698532,99.99698532,100,100,100,100,100,100,100,100,,,17.79265021,18.1845588,18.55837931,18.94124386,19.69792891,19.69792891,20.8404932,20.84350788,20.84350788,20.84350788,20.84652256,20.85255193,,,9.559555033,9.559555033,9.559555033,9.559555033,9.559555033,9.559555033,9.559555033,9.559555033,9.559555033,9.559555033,9.559555033,9.559555033
LessEqual,,,58.15962659,66.84931242,72.0745272,76.93541685,82.97045777,86.07736835,89.87717315,91.37699437,94.80570937,96.59061259,98.63257279,100,,,26.66917925,30.99082906,33.44060147,36.27885851,37.32641406,38.27346611,39.28140009,39.46984412,40.00908397,40.33378753,40.9860938,41.27697407,,,5.368238966,5.368238966,5.368238966,5.368238966,5.368238966,5.368238966,5.368238966,5.368238966,5.368238966,5.368238966,5.368238966,5.368238966
Lgamma,,,99.96256848,99.96597135,99.96597135,99.96597135,99.96597135,99.96597135,100,100,100,100,100,100,,,13.44131759,13.89389866,13.89730153,14.31925681,14.31925681,14.32946541,15.62935992,16.0615238,16.91224011,17.76635927,17.76635927,17.76635927,,,9.68115153,9.68115153,9.68115153,9.68115153,9.68115153,9.68115153,9.68115153,9.68115153,9.68115153,9.68115153,9.68115153,9.68115153
LogicalAnd,,,93.14802687,95.95430401,96.36420966,98.92066264,99.28448422,99.5100536,99.57796697,99.7768561,99.9151083,99.97574523,99.98544714,100,,,16.02512794,16.50294695,17.15054937,17.60411361,19.04969803,19.75308642,20.02959082,20.35217929,20.37643406,20.45647481,20.45890029,20.68689515,,,11.42399767,11.42399767,11.42399767,11.42399767,11.42399767,11.42399767,11.42399767,11.42399767,11.42399767,11.42399767,11.42399767,11.42399767
LogicalOr,,,90.78166066,93.47561569,95.05013141,96.59301081,96.75119245,97.85116324,98.25270126,99.33320354,99.56195853,99.67633603,99.70553879,100,,,16.47765989,17.01547747,17.87452546,18.86498589,19.53421591,19.94062105,19.94062105,20.79236834,21.00652195,21.21580843,21.21824199,21.21824199,,,12.60586002,12.60586002,12.60586002,12.60586002,12.60586002,12.60586002,12.60586002,12.60586002,12.60586002,12.60586002,12.60586002,12.60586002
MatMul,,,60.91979531,64.30865229,68.80972273,74.279411,80.04281761,83.15101039,87.30092423,94.96501488,97.81865177,98.93086523,99.59532139,100,,,14.65067098,17.38290429,17.40770717,17.64529267,18.33846797,18.47814736,18.8423581,18.97289959,19.00553496,19.09821941,19.13085479,19.18437679,,,11.39496632,11.39496632,11.39496632,11.39496632,11.39496632,11.39496632,11.39496632,11.39496632,11.39496632,11.39496632,11.39496632,11.39496632
Max,,,83.38875854,85.47179435,87.07334489,90.11935122,91.60869122,92.94705702,94.15281036,95.22595124,95.61358768,96.16851984,96.22564521,97.88432113,,,83.80495767,90.24584311,93.06538815,94.66285831,96.15015811,96.91318984,97.5191268,97.82923595,97.86391921,98.49025808,98.7105988,100,,,18.97174334,18.97174334,18.97174334,18.97174334,18.97174334,18.97174334,18.97174334,18.97174334,18.97174334,18.97174334,18.97174334,18.97174334
Mean,,,61.00547953,63.25867593,64.68844507,65.77087762,67.00002994,67.8309429,69.35054047,69.89699674,71.54983981,72.59933527,74.34949247,75.58313621,,,82.52387939,90.26708986,92.75683445,93.67158727,95.08488786,96.05802916,97.52522682,98.10312304,98.80827619,99.43557805,99.82633171,100,,,14.3860227,14.3860227,14.3860227,14.3860227,14.3860227,14.3860227,14.3860227,14.3860227,14.3860227,14.3860227,14.3860227,14.3860227
Mod,,,71.12610081,79.45049142,83.75151174,88.59250175,90.92101453,93.22738345,93.93428382,95.25950909,97.1672884,98.77868057,99.05122047,100,,,13.15686375,14.31856508,15.2213535,15.70511183,16.18205665,16.35069072,17.64695863,17.97570988,18.35726574,19.83749808,20.05212326,20.44389936,,,10.13337421,10.13337421,10.13337421,10.13337421,10.13337421,10.13337421,10.13337421,10.13337421,10.13337421,10.13337421,10.13337421,10.13337421
MulNoNan,,,69.24326734,75.94789285,81.60577435,84.60797423,86.18096594,88.17668119,91.50958317,92.25150613,95.5959108,97.69371235,99.55714676,100,,,13.60479662,16.57967764,19.84787704,21.49851184,23.22247624,23.49997843,24.40006326,24.79259227,24.91337043,25.42380192,25.56758544,26.06076292,,,7.932536773,7.932536773,7.932536773,7.932536773,7.932536773,7.932536773,7.932536773,7.932536773,7.932536773,7.932536773,7.932536773,7.932536773
Pow,,,58.89991673,71.7079648,77.95782414,81.26617604,83.3704679,85.28120991,89.6900952,93.35966511,94.37130061,96.43958319,98.97598632,100,,,18.3557266,22.09844035,23.90903158,25.01856728,25.94243018,26.44993586,27.44919317,27.81491234,27.86780096,28.33029505,28.43944816,28.55197713,,,5.946031103,5.946031103,5.946031103,5.946031103,5.946031103,5.946031103,5.946031103,5.946031103,5.946031103,5.946031103,5.946031103,5.946031103
Prod,,,84.02421399,86.11675499,86.98183951,89.23357282,90.60136989,92.18700907,93.73285017,96.08303136,97.29373076,97.79853794,99.40512348,100,,,80.28319474,84.50598018,87.18082989,88.48997717,90.25784965,91.92517962,92.80492658,94.62307032,95.48815484,96.01181374,96.64020444,97.95982489,,,20.88142268,20.88142268,20.88142268,20.88142268,20.88142268,20.88142268,20.88142268,20.88142268,20.88142268,20.88142268,20.88142268,20.88142268
RealDiv,,,69.15965076,75.19488619,79.28437792,82.8780792,84.0349236,87.29342064,90.90894917,93.30215154,94.28125974,95.53164952,98.78702838,100,,,12.24352978,14.89086374,16.40318054,16.86155285,17.6410976,18.3536015,19.48705956,19.70221391,20.63922669,22.37293421,22.82974743,23.55316495,,,7.257561584,7.257561584,7.257561584,7.257561584,7.257561584,7.257561584,7.257561584,7.257561584,7.257561584,7.257561584,7.257561584,7.257561584
Reciprocal,,,99.93665541,100,100,100,100,100,100,100,100,100,100,100,,,18.18593147,18.19498069,18.56901544,18.95209942,19.70921815,20.48745174,20.48745174,20.48745174,20.95197876,20.95801158,21.33807915,21.33807915,,,11.56189672,11.56189672,11.56189672,11.56189672,11.56189672,11.56189672,11.56189672,11.56189672,11.56189672,11.56189672,11.56189672,11.56189672
Round,,,99.99083522,99.99083522,99.99083522,99.99083522,99.99083522,99.99083522,99.99083522,99.99083522,99.99083522,100,100,100,,,19.27964807,19.49043808,19.49654793,19.90590823,19.90590823,19.91507301,20.4344107,20.44052056,20.44052056,20.44052056,20.44052056,20.44052056,,,12.69016924,12.69016924,12.69016924,12.69016924,12.69016924,12.69016924,12.69016924,12.69016924,12.69016924,12.69016924,12.69016924,12.69016924
Rsqrt,,,99.84992646,100,100,100,100,100,100,100,100,100,100,100,,,25.422457,26.31989675,27.12128943,27.45445268,28.47195126,28.49896449,28.82012186,29.22832188,29.24032776,29.2463307,29.56748807,29.88864544,,,8.878350392,8.878350392,8.878350392,8.878350392,8.878350392,8.878350392,8.878350392,8.878350392,8.878350392,8.878350392,8.878350392,8.878350392
SegmentMax,,,81.13536357,83.1024267,84.93878796,87.00605585,90.34984534,91.99451052,94.87213,96.86533351,97.1419858,98.70387313,99.74295299,100,,,43.89622272,46.5777894,49.6993857,51.35276434,51.93656603,53.19348233,55.02548686,55.66810439,55.67246112,56.66361696,58.48037294,59.16655775,,,9.449745131,9.449745131,9.449745131,9.449745131,9.449745131,9.449745131,9.449745131,9.449745131,9.449745131,9.449745131,9.449745131,9.449745131
SegmentMean,,,85.57856273,87.64477909,88.41988706,90.53703909,92.9664489,94.21326542,95.4755841,96.24404828,97.54622965,98.59594729,99.53714982,100,,,48.27593843,52.18691175,53.81020928,57.08116488,58.08880523,58.86834238,60.21924482,60.83268741,61.07850736,61.08293655,61.78496291,63.20451777,,,11.71741778,11.71741778,11.71741778,11.71741778,11.71741778,11.71741778,11.71741778,11.71741778,11.71741778,11.71741778,11.71741778,11.71741778
SelectV2,,,80.73180021,85.76325501,90.58720006,92.74503881,93.70115969,95.30213683,96.16960639,96.77768876,97.6930957,98.67154358,99.3676206,100,,,12.87545475,14.68459831,15.82787197,16.49768193,19.39822172,20.65969714,20.68399417,20.87771372,20.89347395,21.17387478,21.20276855,21.58429755,,,6.363194599,6.363194599,6.363194599,6.363194599,6.363194599,6.363194599,6.363194599,6.363194599,6.363194599,6.363194599,6.363194599,6.363194599
Sigmoid,,,99.99112531,100,100,100,100,100,100,100,100,100,100,100,,,19.60123062,20.75494024,21.88794226,22.26659567,22.64820731,23.01502781,23.01502781,23.01502781,23.02094427,23.02094427,23.0239025,23.0239025,,,9.022600876,9.022600876,9.022600876,9.022600876,9.022600876,9.022600876,9.022600876,9.022600876,9.022600876,9.022600876,9.022600876,9.022600876
Sign,,,99.84015172,100,100,100,100,100,100,100,100,100,100,100,,,22.94229206,23.09401246,23.53020862,23.53833649,23.54646437,23.54646437,23.60065023,23.60065023,23.60065023,23.60065023,23.60065023,23.60065023,,,12.38146844,12.38146844,12.38146844,12.38146844,12.38146844,12.38146844,12.38146844,12.38146844,12.38146844,12.38146844,12.38146844,12.38146844
Sin,,,99.96348033,99.96348033,99.96956694,99.96956694,99.96956694,99.96956694,100,100,100,100,100,100,,,17.95246356,18.83502237,18.88675857,18.89284519,18.9476247,18.9476247,18.9476247,18.9476247,19.34021121,19.34021121,19.39499072,19.39499072,,,12.46538239,12.46538239,12.46538239,12.46538239,12.46538239,12.46538239,12.46538239,12.46538239,12.46538239,12.46538239,12.46538239,12.46538239
Sinh,,,99.96320711,99.96933926,99.96933926,99.96933926,99.96933926,99.96933926,99.96933926,99.96933926,100,100,100,100,,,18.17875211,18.24620573,18.25233788,18.31979151,18.33512188,18.33818795,18.33818795,18.33818795,18.33818795,18.39337728,18.39337728,18.39337728,,,9.474168327,9.474168327,9.474168327,9.474168327,9.474168327,9.474168327,9.474168327,9.474168327,9.474168327,9.474168327,9.474168327,9.474168327
SparseMatMul,,,92.73287174,95.32393151,96.75578134,97.860071,98.57795736,98.77606261,98.81921425,98.96043779,99.19188749,99.38214699,99.79012612,100,,,18.4022125,19.12598317,33.254222,36.2022635,37.08883353,38.30296373,38.59717945,38.75605594,38.76586313,39.05027166,39.33468019,39.34644882,,,19.57319106,19.57319106,19.57319106,19.57319106,19.57319106,19.57319106,19.57319106,19.57319106,19.57319106,19.57319106,19.57319106,19.57319106
Sum,,,79.18349306,80.38293854,81.23078778,82.17909308,83.44082133,84.58602053,86.16719908,86.9286561,88.37321439,90.73393205,95.31472887,96.18266932,,,77.97601109,82.21525727,85.38765998,87.07733108,89.79366323,91.92935929,93.71144998,95.2142728,97.37407832,98.47909509,99.56000241,100,,,18.82948587,18.82948587,18.82948587,18.82948587,18.82948587,18.82948587,18.82948587,18.82948587,18.82948587,18.82948587,18.82948587,18.82948587
Tanh,,,99.99392467,99.99392467,100,100,100,100,100,100,100,100,100,100,,,19.76306197,19.77217497,19.79040097,19.79647631,19.79647631,19.79647631,19.79647631,20.18226002,20.55893074,20.55893074,20.55893074,20.55893074,,,9.814702309,9.814702309,9.814702309,9.814702309,9.814702309,9.814702309,9.814702309,9.814702309,9.814702309,9.814702309,9.814702309,9.814702309
TruncateDiv,,,59.65014997,72.44648507,78.00854596,84.20230905,89.47265705,91.46842516,93.98907104,96.42138132,98.00012326,98.42331238,98.86088171,100,,,4.253461523,6.087965816,7.401700974,8.438103455,9.050289659,9.696372078,9.817576729,10.28801512,10.5971897,11.52882206,12.49537779,12.8723448,,,5.204609885,5.204609885,5.204609885,5.204609885,5.204609885,5.204609885,5.204609885,5.204609885,5.204609885,5.204609885,5.204609885,5.204609885
TruncateMod,,,76.35640121,84.0124396,86.62743065,89.68884282,91.94101222,94.54764333,95.1846712,95.81668311,97.05897106,98.0554766,99.91138457,100,,,11.27923891,12.499791,14.42257854,17.17801669,17.49235065,18.1945861,19.5840091,19.98194252,20.28290057,21.72582722,22.38459095,22.50999014,,,12.2690565,12.2690565,12.2690565,12.2690565,12.2690565,12.2690565,12.2690565,12.2690565,12.2690565,12.2690565,12.2690565,12.2690565
Xdivy,,,69.04522613,78.49389806,84.29145729,87.79468772,89.83919598,91.41995693,92.87293611,95.10552764,97.1816224,98.87293611,99.1730079,100,,,12.88729361,13.91241924,17.90380474,20.4379038,21.81335248,22.4292893,22.90165111,24.23977028,25.13137114,25.60660445,26.20531228,26.33309404,,,7.109834889,7.109834889,7.109834889,7.109834889,7.109834889,7.109834889,7.109834889,7.109834889,7.109834889,7.109834889,7.109834889,7.109834889
Xlog1py,,,67.17028555,75.24401313,81.27207987,85.06318509,86.93849054,89.01207848,91.983523,95.38225232,96.51469664,97.8216854,98.82566501,100,,,11.13174614,16.31641416,18.67346226,20.90902744,22.33749913,22.82203449,23.0133352,23.60259722,23.87767926,23.88605739,24.52558821,24.62891852,,,8.519164979,8.519164979,8.519164979,8.519164979,8.519164979,8.519164979,8.519164979,8.519164979,8.519164979,8.519164979,8.519164979,8.519164979
Xlogy,,,73.60644147,78.37982136,83.17628894,87.30321352,89.27432505,90.8038845,91.79088325,92.55277702,94.07512157,95.38967692,97.31749903,100,,,12.18741432,18.19454265,20.40663194,21.2810782,22.74137458,23.80052236,24.68074054,25.67928313,25.88851532,25.8971732,26.17855442,26.42963305,,,9.014299938,9.014299938,9.014299938,9.014299938,9.014299938,9.014299938,9.014299938,9.014299938,9.014299938,9.014299938,9.014299938,9.014299938
BiasAdd,,,86.43336589,94.53626216,97.80956031,98.92208611,99.24101017,99.43632026,99.51172479,99.73299381,99.74782748,99.78367554,99.99011088,100,,,7.974337738,8.706132489,10.18084725,11.0399644,11.7111883,12.19328282,13.25512689,13.93253149,14.0944658,14.85716405,16.75587475,17.23549699,,,8.278428125,8.278428125,8.278428125,8.278428125,8.278428125,8.278428125,8.278428125,8.278428125,8.278428125,8.278428125,8.278428125,8.278428125
Softmax,,,98.88793841,98.95358784,99.08090795,99.44297452,99.56830525,99.74933853,99.87069051,99.90450992,99.99602125,99.99801062,100,100,,,19.92360793,30.61053972,41.55807985,42.18871228,42.4692144,44.48843177,44.71124197,48.37368452,48.48310024,48.59848409,48.84317743,48.95060378,,,16.259176,16.259176,16.259176,16.259176,16.259176,16.259176,16.259176,16.259176,16.259176,16.259176,16.259176,16.259176
Softplus,,,100,100,100,100,100,100,100,100,100,100,100,100,,,21.12658884,22.30926327,22.69637577,22.69637577,23.07434389,23.07739202,23.47060079,23.47060079,23.47060079,23.47060079,23.8485689,23.85466516,,,15.22540921,15.22540921,15.22540921,15.22540921,15.22540921,15.22540921,15.22540921,15.22540921,15.22540921,15.22540921,15.22540921,15.22540921
Softsign,,,99.96839743,100,100,100,100,100,100,100,100,100,100,100,,,18.09562937,18.5665076,19.03106532,19.42925766,19.8558923,20.26988591,21.07575135,21.85949499,21.85949499,22.25768732,22.65587966,22.65587966,,,14.88480865,14.88480865,14.88480865,14.88480865,14.88480865,14.88480865,14.88480865,14.88480865,14.88480865,14.88480865,14.88480865,14.88480865
SerializeTensor,,,99.88919518,99.96756932,99.99459489,99.99729744,100,100,100,100,100,100,100,100,,,9.834603535,10.18323334,11.20209718,11.5372142,11.88584401,12.22366359,12.91822064,13.26144533,13.26144533,13.60737257,13.60737257,13.60737257,,,8.658991406,8.658991406,8.658991406,8.658991406,8.658991406,8.658991406,8.658991406,8.658991406,8.658991406,8.658991406,8.658991406,8.658991406
Multinomial,,,87.13342802,88.71250731,90.36121091,90.97668978,91.32759629,92.66716796,93.22416242,93.92876041,94.24903222,96.70816275,98.3512964,100,,,21.52505083,22.16280948,22.90639708,22.92032194,23.17375442,23.20160414,24.36293759,24.74169382,24.75283371,25.37388253,25.37945247,25.40451723,,,13.16456401,13.16456401,13.16456401,13.16456401,13.16456401,13.16456401,13.16456401,13.16456401,13.16456401,13.16456401,13.16456401,13.16456401
RandomUniformInt,,,81.18245614,81.18245614,82.15087719,82.15087719,82.18596491,82.18596491,83.56842105,83.56842105,83.62807018,83.66666667,100,100,,,25.4245614,29.06315789,33.09824561,34.58245614,36.78245614,39.32631579,39.36842105,40.41754386,41.10526316,41.98245614,43.94035088,44.69473684,,,12.04210526,12.04210526,12.04210526,12.04210526,12.04210526,12.04210526,12.04210526,12.04210526,12.04210526,12.04210526,12.04210526,12.04210526
RegexReplace,,,99.99653871,99.99653871,100,100,100,100,100,100,100,100,100,100,,,19.08206708,19.54241805,19.62202762,19.83662732,19.83662732,19.98892389,19.98892389,19.98892389,20.06507217,20.06507217,20.07199474,20.07199474,,,14.8939116,14.8939116,14.8939116,14.8939116,14.8939116,14.8939116,14.8939116,14.8939116,14.8939116,14.8939116,14.8939116,14.8939116
StringLength,,,100,100,100,100,100,100,100,100,100,100,100,100,,,12.15750861,12.15750861,13.39272346,13.90926785,14.01407396,14.01407396,14.21620003,14.21620003,14.29106154,14.36592304,14.36592304,14.4482707,,,8.867345411,8.867345411,8.867345411,8.867345411,8.867345411,8.867345411,8.867345411,8.867345411,8.867345411,8.867345411,8.867345411,8.867345411
,,,,,,,,,,,,,,,,,,,,,,,,,,,,,,,,,,,,,,,,,,
upper quartile,,,99.93567677,99.9862974,99.9957901,99.99714138,100,100,100,100,100,100,100,100,,,32.42189729,35.34121209,39.70189171,42.32735977,43.72863627,46.49240783,49.05801995,50.47648344,51.10738039,52.05961315,52.34684301,52.91725191,,,14.00406314,14.00406314,14.00406314,14.00406314,14.00406314,14.00406314,14.00406314,14.00406314,14.00406314,14.00406314,14.00406314,14.00406314
median,,,92.73287174,95.32393151,96.36420966,97.860071,98.26663665,98.44672635,98.81921425,99.33320354,99.52234011,99.67633603,99.91138457,100,,,18.82325432,19.54241805,21.10675357,22.26659567,23.07434389,23.20160414,23.60065023,24.23977028,24.75283371,25.37388253,25.37945247,25.40451723,,,10.94703205,10.94703205,10.94703205,10.94703205,10.94703205,10.94703205,10.94703205,10.94703205,10.94703205,10.94703205,10.94703205,10.94703205
lower quartile,,,74.63001362,78.70564241,82.66358307,87.15463469,89.07170788,91.11192072,93.04854926,95.11729681,95.95689389,97.18977228,98.91843401,100,,,14.5357804,16.79757755,17.97055852,18.24759566,18.88799999,18.91851105,19.48634966,19.49309198,19.78299947,19.95128513,20.06936609,20.37864783,,,8.702770807,8.702770807,8.702770807,8.702770807,8.702770807,8.702770807,8.702770807,8.702770807,8.702770807,8.702770807,8.702770807,8.702770807